[08Nov2025 16:08:29.311] [main/INFO] [cpw.mods.modlauncher.Launcher/MODLAUNCHER]: ModLauncher running: args [--gameDir, ., --launchTarget, fmlserver, --fml.forgeVersion, 36.2.42, --fml.mcpVersion, 20210115.111550, --fml.mcVersion, 1.16.5, --fml.forgeGroup, net.minecraftforge, nogui]
[08Nov2025 16:08:29.314] [main/INFO] [cpw.mods.modlauncher.Launcher/MODLAUNCHER]: ModLauncher 8.1.3+8.1.3+main-8.1.x.c94d18ec starting: java version 11.0.28 by Ubuntu
[08Nov2025 16:08:30.265] [main/INFO] [net.minecraftforge.fml.loading.FixSSL/CORE]: Added Lets Encrypt root certificates as additional trust
[08Nov2025 16:08:30.447] [main/INFO] [mixin/]: SpongePowered MIXIN Subsystem Version=0.8.4 Source=file:/workspaces/Try22/servidor_minecraft/libraries/org/spongepowered/mixin/0.8.4/mixin-0.8.4.jar Service=ModLauncher Env=SERVER
[08Nov2025 16:08:31.995] [main/INFO] [STDERR/]: [jdk.nashorn.api.scripting.NashornScriptEngine:<init>:143]: Warning: Nashorn engine is planned to be removed from a future JDK release
[08Nov2025 16:08:32.144] [main/INFO] [STDERR/]: [jdk.nashorn.api.scripting.NashornScriptEngine:<init>:143]: Warning: Nashorn engine is planned to be removed from a future JDK release
[08Nov2025 16:08:32.161] [main/INFO] [STDERR/]: [jdk.nashorn.api.scripting.NashornScriptEngine:<init>:143]: Warning: Nashorn engine is planned to be removed from a future JDK release
[08Nov2025 16:08:34.512] [main/INFO] [cpw.mods.modlauncher.LaunchServiceHandler/MODLAUNCHER]: Launching target 'fmlserver' with arguments [--gameDir, ., nogui]
[08Nov2025 16:08:35.192] [main/INFO] [ModernFix/]: Loaded configuration file for ModernFix 5.18.0+mc1.16.5: 89 options available, 0 override(s) found
[08Nov2025 16:08:36.371] [main/INFO] [ModernFix/]: Applied Forge config corruption patch
[08Nov2025 16:08:38.718] [main/INFO] [MixinExtras|Service/]: Initializing MixinExtras via org.embeddedt.modernfix.forge.shadow.mixinextras.service.MixinExtrasServiceImpl(version=0.3.2).
[08Nov2025 16:08:39.179] [main/INFO] [net.minecraft.util.registry.Bootstrap/]: ModernFix reached bootstrap stage (14.15 s after launch)
[08Nov2025 16:08:40.709] [main/INFO] [FerriteCore - class definer/]: Using Java 9+ class definer
[08Nov2025 16:08:43.324] [main/INFO] [net.minecraft.util.registry.Bootstrap/]: Vanilla bootstrap took 4135 milliseconds
[08Nov2025 16:08:43.572] [main/WARN] [net.minecraftforge.common.ForgeConfigSpec/CORE]: Configuration file /workspaces/Try22/servidor_minecraft/config/connectivity-common.toml is not correct. Correcting
[08Nov2025 16:08:43.574] [main/WARN] [net.minecraftforge.common.ForgeConfigSpec/CORE]: Incorrect key Connectivity settings was corrected from null to its default, SimpleCommentedConfig:{}. 
[08Nov2025 16:08:43.574] [main/WARN] [net.minecraftforge.common.ForgeConfigSpec/CORE]: Incorrect key Connectivity settings.disableLoginLimits was corrected from null to its default, true. 
[08Nov2025 16:08:43.575] [main/WARN] [net.minecraftforge.common.ForgeConfigSpec/CORE]: Incorrect key Connectivity settings.disablePacketLimits was corrected from null to its default, true. 
[08Nov2025 16:08:43.576] [main/WARN] [net.minecraftforge.common.ForgeConfigSpec/CORE]: Incorrect key Connectivity settings.debugPrintMessages was corrected from null to its default, false. 
[08Nov2025 16:08:43.576] [main/WARN] [net.minecraftforge.common.ForgeConfigSpec/CORE]: Incorrect key Connectivity settings.logintimeout was corrected from null to its default, 2400. 
[08Nov2025 16:08:43.577] [main/WARN] [net.minecraftforge.common.ForgeConfigSpec/CORE]: Incorrect key Connectivity settings.disconnectTimeout was corrected from null to its default, 60. 
[08Nov2025 16:08:43.578] [main/WARN] [net.minecraftforge.common.ForgeConfigSpec/CORE]: Incorrect key Connectivity settings.packetHistoryMinutes was corrected from null to its default, 5. 
[08Nov2025 16:08:43.579] [main/WARN] [net.minecraftforge.common.ForgeConfigSpec/CORE]: Incorrect key Connectivity settings.showFullResourceLocationException was corrected from null to its default, false. 
[08Nov2025 16:08:43.621] [main/INFO] [net.minecraftforge.registries.GameData/]: Potentially Dangerous alternative prefix `citadel` for name `debug`, expected `minecraft`. This could be a intended override, but in most cases indicates a broken mod.
[08Nov2025 16:08:43.623] [main/INFO] [net.minecraftforge.registries.GameData/]: Potentially Dangerous alternative prefix `citadel` for name `citadel_book`, expected `minecraft`. This could be a intended override, but in most cases indicates a broken mod.
[08Nov2025 16:08:43.623] [main/INFO] [net.minecraftforge.registries.GameData/]: Potentially Dangerous alternative prefix `citadel` for name `effect_item`, expected `minecraft`. This could be a intended override, but in most cases indicates a broken mod.
[08Nov2025 16:08:43.624] [main/INFO] [net.minecraftforge.registries.GameData/]: Potentially Dangerous alternative prefix `citadel` for name `fancy_item`, expected `minecraft`. This could be a intended override, but in most cases indicates a broken mod.
[08Nov2025 16:08:44.422] [modloading-worker-1/INFO] [libIPN/]: [libIPN] libIPN - init in Kotlin
[08Nov2025 16:08:44.752] [modloading-worker-1/INFO] [com.simibubi.create.repack.registrate.AbstractRegistrate/]: Detected new forge version, registering events reflectively.
[08Nov2025 16:08:45.167] [modloading-worker-0/WARN] [net.minecraftforge.common.ForgeConfigSpec/CORE]: Configuration file /workspaces/Try22/servidor_minecraft/config/mimic-server.toml is not correct. Correcting
[08Nov2025 16:08:45.178] [modloading-worker-0/WARN] [net.minecraftforge.common.ForgeConfigSpec/CORE]: Incorrect key mimicSpawnChance was corrected from null to its default, 5. 
[08Nov2025 16:08:45.179] [modloading-worker-0/WARN] [net.minecraftforge.common.ForgeConfigSpec/CORE]: Incorrect key debugMode was corrected from null to its default, false. 
[08Nov2025 16:08:47.247] [modloading-worker-0/INFO] [Inventory Profiles Next/]: [Inventory Profiles Next] Inventory Profiles Next - init in Kotlin
[08Nov2025 16:08:47.370] [modloading-worker-0/INFO] [net.minecraftforge.common.ForgeMod/FORGEMOD]: Forge mod loading, version 36.2.42, for MC 1.16.5 with MCP 20210115.111550
[08Nov2025 16:08:47.370] [modloading-worker-0/INFO] [net.minecraftforge.common.MinecraftForge/FORGE]: MinecraftForge v36.2.42 Initialized
[08Nov2025 16:09:10.463] [main/INFO] [net.minecraftforge.registries.GameData/]: Potentially Dangerous alternative prefix `minecraft` for name `milk`, expected `forge`. This could be a intended override, but in most cases indicates a broken mod.
[08Nov2025 16:09:10.465] [main/INFO] [net.minecraftforge.registries.GameData/]: Potentially Dangerous alternative prefix `minecraft` for name `flowing_milk`, expected `forge`. This could be a intended override, but in most cases indicates a broken mod.
[08Nov2025 16:09:11.015] [main/WARN] [net.minecraftforge.common.ForgeConfigSpec/CORE]: Configuration file /workspaces/Try22/servidor_minecraft/config/bcc-common.toml is not correct. Correcting
[08Nov2025 16:09:11.015] [main/WARN] [net.minecraftforge.common.ForgeConfigSpec/CORE]: Incorrect key general was corrected from null to its default, SimpleCommentedConfig:{}. 
[08Nov2025 16:09:11.016] [main/WARN] [net.minecraftforge.common.ForgeConfigSpec/CORE]: Incorrect key general.modpackProjectID was corrected from null to its default, 0. 
[08Nov2025 16:09:11.016] [main/WARN] [net.minecraftforge.common.ForgeConfigSpec/CORE]: Incorrect key general.modpackName was corrected from null to its default, PLEASE_CHANGE_ME. 
[08Nov2025 16:09:11.017] [main/WARN] [net.minecraftforge.common.ForgeConfigSpec/CORE]: Incorrect key general.modpackVersion was corrected from null to its default, CHANGE_ME. 
[08Nov2025 16:09:11.017] [main/WARN] [net.minecraftforge.common.ForgeConfigSpec/CORE]: Incorrect key general.useMetadata was corrected from null to its default, false. 
[08Nov2025 16:09:11.020] [main/WARN] [net.minecraftforge.common.ForgeConfigSpec/CORE]: Configuration file /workspaces/Try22/servidor_minecraft/config/cgm-common.toml is not correct. Correcting
[08Nov2025 16:09:11.021] [main/WARN] [net.minecraftforge.common.ForgeConfigSpec/CORE]: Incorrect key common was corrected from null to its default, SimpleCommentedConfig:{}. 
[08Nov2025 16:09:11.022] [main/WARN] [net.minecraftforge.common.ForgeConfigSpec/CORE]: Incorrect key common.gameplay was corrected from null to its default, SimpleCommentedConfig:{}. 
[08Nov2025 16:09:11.022] [main/WARN] [net.minecraftforge.common.ForgeConfigSpec/CORE]: Incorrect key common.gameplay.enableGunGriefing was corrected from null to its default, true. 
[08Nov2025 16:09:11.023] [main/WARN] [net.minecraftforge.common.ForgeConfigSpec/CORE]: Incorrect key common.gameplay.growBoundingBoxAmount was corrected from null to its default, 0.3. 
[08Nov2025 16:09:11.024] [main/WARN] [net.minecraftforge.common.ForgeConfigSpec/CORE]: Incorrect key common.gameplay.enableHeadShots was corrected from null to its default, true. 
[08Nov2025 16:09:11.024] [main/WARN] [net.minecraftforge.common.ForgeConfigSpec/CORE]: Incorrect key common.gameplay.headShotDamageMultiplier was corrected from null to its default, 1.25. 
[08Nov2025 16:09:11.025] [main/WARN] [net.minecraftforge.common.ForgeConfigSpec/CORE]: Incorrect key common.gameplay.criticalDamageMultiplier was corrected from null to its default, 1.5. 
[08Nov2025 16:09:11.026] [main/WARN] [net.minecraftforge.common.ForgeConfigSpec/CORE]: Incorrect key common.gameplay.ignoreLeaves was corrected from null to its default, true. 
[08Nov2025 16:09:11.026] [main/WARN] [net.minecraftforge.common.ForgeConfigSpec/CORE]: Incorrect key common.gameplay.enableKnockback was corrected from null to its default, true. 
[08Nov2025 16:09:11.027] [main/WARN] [net.minecraftforge.common.ForgeConfigSpec/CORE]: Incorrect key common.gameplay.knockbackStrength was corrected from null to its default, 0.15. 
[08Nov2025 16:09:11.028] [main/WARN] [net.minecraftforge.common.ForgeConfigSpec/CORE]: Incorrect key common.gameplay.improvedHitboxes was corrected from null to its default, false. 
[08Nov2025 16:09:11.028] [main/WARN] [net.minecraftforge.common.ForgeConfigSpec/CORE]: Incorrect key common.network was corrected from null to its default, SimpleCommentedConfig:{}. 
[08Nov2025 16:09:11.029] [main/WARN] [net.minecraftforge.common.ForgeConfigSpec/CORE]: Incorrect key common.network.projectileTrackingRange was corrected from null to its default, 200.0. 
[08Nov2025 16:09:11.029] [main/WARN] [net.minecraftforge.common.ForgeConfigSpec/CORE]: Incorrect key common.aggro_mobs was corrected from null to its default, SimpleCommentedConfig:{}. 
[08Nov2025 16:09:11.030] [main/WARN] [net.minecraftforge.common.ForgeConfigSpec/CORE]: Incorrect key common.aggro_mobs.enabled was corrected from null to its default, true. 
[08Nov2025 16:09:11.030] [main/WARN] [net.minecraftforge.common.ForgeConfigSpec/CORE]: Incorrect key common.aggro_mobs.angerHostileMobs was corrected from null to its default, true. 
[08Nov2025 16:09:11.031] [main/WARN] [net.minecraftforge.common.ForgeConfigSpec/CORE]: Incorrect key common.aggro_mobs.unsilencedRange was corrected from null to its default, 20.0. 
[08Nov2025 16:09:11.032] [main/WARN] [net.minecraftforge.common.ForgeConfigSpec/CORE]: Incorrect key common.aggro_mobs.exemptMobs was corrected from null to its default, []. 
[08Nov2025 16:09:11.033] [main/WARN] [net.minecraftforge.common.ForgeConfigSpec/CORE]: Incorrect key common.missiles was corrected from null to its default, SimpleCommentedConfig:{}. 
[08Nov2025 16:09:11.033] [main/WARN] [net.minecraftforge.common.ForgeConfigSpec/CORE]: Incorrect key common.missiles.explosionRadius was corrected from null to its default, 5.0. 
[08Nov2025 16:09:11.034] [main/WARN] [net.minecraftforge.common.ForgeConfigSpec/CORE]: Incorrect key common.grenades was corrected from null to its default, SimpleCommentedConfig:{}. 
[08Nov2025 16:09:11.034] [main/WARN] [net.minecraftforge.common.ForgeConfigSpec/CORE]: Incorrect key common.grenades.explosionRadius was corrected from null to its default, 5.0. 
[08Nov2025 16:09:11.035] [main/WARN] [net.minecraftforge.common.ForgeConfigSpec/CORE]: Incorrect key common.stun_grenades was corrected from null to its default, SimpleCommentedConfig:{}. 
[08Nov2025 16:09:11.035] [main/WARN] [net.minecraftforge.common.ForgeConfigSpec/CORE]: Incorrect key common.stun_grenades.blind was corrected from null to its default, SimpleCommentedConfig:{}. 
[08Nov2025 16:09:11.036] [main/WARN] [net.minecraftforge.common.ForgeConfigSpec/CORE]: Incorrect key common.stun_grenades.blind.effect_criteria was corrected from null to its default, SimpleCommentedConfig:{}. 
[08Nov2025 16:09:11.036] [main/WARN] [net.minecraftforge.common.ForgeConfigSpec/CORE]: Incorrect key common.stun_grenades.blind.effect_criteria.radius was corrected from null to its default, 15.0. 
[08Nov2025 16:09:11.037] [main/WARN] [net.minecraftforge.common.ForgeConfigSpec/CORE]: Incorrect key common.stun_grenades.blind.effect_criteria.durationMax was corrected from null to its default, 220. 
[08Nov2025 16:09:11.039] [main/WARN] [net.minecraftforge.common.ForgeConfigSpec/CORE]: Incorrect key common.stun_grenades.blind.effect_criteria.durationMin was corrected from null to its default, 10. 
[08Nov2025 16:09:11.039] [main/WARN] [net.minecraftforge.common.ForgeConfigSpec/CORE]: Incorrect key common.stun_grenades.blind.effect_criteria.angleEffect was corrected from null to its default, 170.0. 
[08Nov2025 16:09:11.040] [main/WARN] [net.minecraftforge.common.ForgeConfigSpec/CORE]: Incorrect key common.stun_grenades.blind.effect_criteria.angleAttenuationMax was corrected from null to its default, 0.75. 
[08Nov2025 16:09:11.041] [main/WARN] [net.minecraftforge.common.ForgeConfigSpec/CORE]: Incorrect key common.stun_grenades.blind.effect_criteria.raytraceOpaqueBlocks was corrected from null to its default, true. 
[08Nov2025 16:09:11.042] [main/WARN] [net.minecraftforge.common.ForgeConfigSpec/CORE]: Incorrect key common.stun_grenades.blind.blindMobs was corrected from null to its default, true. 
[08Nov2025 16:09:11.044] [main/WARN] [net.minecraftforge.common.ForgeConfigSpec/CORE]: Incorrect key common.stun_grenades.deafen was corrected from null to its default, SimpleCommentedConfig:{}. 
[08Nov2025 16:09:11.044] [main/WARN] [net.minecraftforge.common.ForgeConfigSpec/CORE]: Incorrect key common.stun_grenades.deafen.effect_criteria was corrected from null to its default, SimpleCommentedConfig:{}. 
[08Nov2025 16:09:11.045] [main/WARN] [net.minecraftforge.common.ForgeConfigSpec/CORE]: Incorrect key common.stun_grenades.deafen.effect_criteria.radius was corrected from null to its default, 15.0. 
[08Nov2025 16:09:11.045] [main/WARN] [net.minecraftforge.common.ForgeConfigSpec/CORE]: Incorrect key common.stun_grenades.deafen.effect_criteria.durationMax was corrected from null to its default, 280. 
[08Nov2025 16:09:11.046] [main/WARN] [net.minecraftforge.common.ForgeConfigSpec/CORE]: Incorrect key common.stun_grenades.deafen.effect_criteria.durationMin was corrected from null to its default, 100. 
[08Nov2025 16:09:11.046] [main/WARN] [net.minecraftforge.common.ForgeConfigSpec/CORE]: Incorrect key common.stun_grenades.deafen.effect_criteria.angleEffect was corrected from null to its default, 360.0. 
[08Nov2025 16:09:11.047] [main/WARN] [net.minecraftforge.common.ForgeConfigSpec/CORE]: Incorrect key common.stun_grenades.deafen.effect_criteria.angleAttenuationMax was corrected from null to its default, 0.75. 
[08Nov2025 16:09:11.048] [main/WARN] [net.minecraftforge.common.ForgeConfigSpec/CORE]: Incorrect key common.stun_grenades.deafen.effect_criteria.raytraceOpaqueBlocks was corrected from null to its default, false. 
[08Nov2025 16:09:11.050] [main/WARN] [net.minecraftforge.common.ForgeConfigSpec/CORE]: Incorrect key common.stun_grenades.deafen.panicMobs was corrected from null to its default, true. 
[08Nov2025 16:09:11.051] [main/WARN] [net.minecraftforge.common.ForgeConfigSpec/CORE]: Incorrect key common.projectile_spread was corrected from null to its default, SimpleCommentedConfig:{}. 
[08Nov2025 16:09:11.052] [main/WARN] [net.minecraftforge.common.ForgeConfigSpec/CORE]: Incorrect key common.projectile_spread.spreadThreshold was corrected from null to its default, 300. 
[08Nov2025 16:09:11.052] [main/WARN] [net.minecraftforge.common.ForgeConfigSpec/CORE]: Incorrect key common.projectile_spread.maxCount was corrected from null to its default, 10. 
[08Nov2025 16:09:11.066] [main/WARN] [net.minecraftforge.common.ForgeConfigSpec/CORE]: Configuration file /workspaces/Try22/servidor_minecraft/config/biomesoplenty/generation.toml is not correct. Correcting
[08Nov2025 16:09:11.068] [main/WARN] [net.minecraftforge.common.ForgeConfigSpec/CORE]: Incorrect key overworld was corrected from null to its default, SimpleCommentedConfig:{}. 
[08Nov2025 16:09:11.068] [main/WARN] [net.minecraftforge.common.ForgeConfigSpec/CORE]: Incorrect key overworld.biome_size was corrected from null to its default, MEDIUM. 
[08Nov2025 16:09:11.068] [main/WARN] [net.minecraftforge.common.ForgeConfigSpec/CORE]: Incorrect key overworld.river_size was corrected from null to its default, MEDIUM. 
[08Nov2025 16:09:11.069] [main/WARN] [net.minecraftforge.common.ForgeConfigSpec/CORE]: Incorrect key overworld.temperature_variation_scheme was corrected from null to its default, MEDIUM_ZONES. 
[08Nov2025 16:09:11.069] [main/WARN] [net.minecraftforge.common.ForgeConfigSpec/CORE]: Incorrect key overworld.rainfall_variation_scheme was corrected from null to its default, MEDIUM_ZONES. 
[08Nov2025 16:09:11.070] [main/WARN] [net.minecraftforge.common.ForgeConfigSpec/CORE]: Incorrect key overworld.enhance_vanilla_biomes was corrected from null to its default, true. 
[08Nov2025 16:09:11.070] [main/WARN] [net.minecraftforge.common.ForgeConfigSpec/CORE]: Incorrect key overworld.use_bop_nether was corrected from null to its default, true. 
[08Nov2025 16:09:11.106] [main/WARN] [net.minecraftforge.common.ForgeConfigSpec/CORE]: Configuration file /workspaces/Try22/servidor_minecraft/config/insanelib-common.toml is not correct. Correcting
[08Nov2025 16:09:11.106] [main/WARN] [net.minecraftforge.common.ForgeConfigSpec/CORE]: Incorrect key Base was corrected from null to its default, SimpleCommentedConfig:{}. 
[08Nov2025 16:09:11.107] [main/WARN] [net.minecraftforge.common.ForgeConfigSpec/CORE]: Incorrect key Base.Enable Area Effect Cloud 3D was corrected from null to its default, true. 
[08Nov2025 16:09:11.108] [main/WARN] [net.minecraftforge.common.ForgeConfigSpec/CORE]: Incorrect key Base.Area Effect Cloud 3D was corrected from null to its default, SimpleCommentedConfig:{}. 
[08Nov2025 16:09:11.109] [main/WARN] [net.minecraftforge.common.ForgeConfigSpec/CORE]: Incorrect key Base.Area Effect Cloud 3D.Replace Vanilla Area of Effect Clouds was corrected from null to its default, true. 
[08Nov2025 16:09:11.110] [main/WARN] [net.minecraftforge.common.ForgeConfigSpec/CORE]: Incorrect key Base.Enable Fixes was corrected from null to its default, true. 
[08Nov2025 16:09:11.113] [main/WARN] [net.minecraftforge.common.ForgeConfigSpec/CORE]: Incorrect key Base.Fixes was corrected from null to its default, SimpleCommentedConfig:{}. 
[08Nov2025 16:09:11.117] [main/WARN] [net.minecraftforge.common.ForgeConfigSpec/CORE]: Incorrect key Base.Fixes.Fix Follow Range was corrected from null to its default, true. 
[08Nov2025 16:09:11.117] [main/WARN] [net.minecraftforge.common.ForgeConfigSpec/CORE]: Incorrect key Base.Fixes.Remove Zombies Bonus Health was corrected from null to its default, true. 
[08Nov2025 16:09:11.117] [main/WARN] [net.minecraftforge.common.ForgeConfigSpec/CORE]: Incorrect key Base.Fixes.Fix Jump Movement Factor was corrected from null to its default, true. 
[08Nov2025 16:09:11.117] [main/WARN] [net.minecraftforge.common.ForgeConfigSpec/CORE]: Incorrect key Base.Fixes.Fix Jump Movement Factor Slowdown Only was corrected from null to its default, true. 
[08Nov2025 16:09:11.117] [main/WARN] [net.minecraftforge.common.ForgeConfigSpec/CORE]: Incorrect key Base.Enable Fluid Mixin was corrected from null to its default, false. 
[08Nov2025 16:09:11.118] [main/WARN] [net.minecraftforge.common.ForgeConfigSpec/CORE]: Incorrect key Base.Fluid Mixin was corrected from null to its default, SimpleCommentedConfig:{}. 
[08Nov2025 16:09:11.119] [main/WARN] [net.minecraftforge.common.ForgeConfigSpec/CORE]: Incorrect key Base.Fluid Mixin.Custom Fluid Mixin was corrected from null to its default, []. 
[08Nov2025 16:09:11.127] [main/WARN] [net.minecraftforge.common.ForgeConfigSpec/CORE]: Configuration file /workspaces/Try22/servidor_minecraft/config/modernfix-common.toml is not correct. Correcting
[08Nov2025 16:09:11.130] [main/WARN] [net.minecraftforge.common.ForgeConfigSpec/CORE]: Incorrect key blacklist_async_jei_plugins was corrected from null to its default, [jepb:jei_plugin]. 
[08Nov2025 16:09:11.136] [main/WARN] [net.minecraftforge.common.ForgeConfigSpec/CORE]: Configuration file /workspaces/Try22/servidor_minecraft/config/citadel-common.toml is not correct. Correcting
[08Nov2025 16:09:11.138] [main/WARN] [net.minecraftforge.common.ForgeConfigSpec/CORE]: Incorrect key general was corrected from null to its default, SimpleCommentedConfig:{}. 
[08Nov2025 16:09:11.138] [main/WARN] [net.minecraftforge.common.ForgeConfigSpec/CORE]: Incorrect key general.Track Entities was corrected from null to its default, true. 
[08Nov2025 16:09:11.139] [main/WARN] [net.minecraftforge.common.ForgeConfigSpec/CORE]: Incorrect key general.chunkGenSpawnModifier was corrected from null to its default, 1.0. 
[08Nov2025 16:09:11.144] [main/WARN] [net.minecraftforge.common.ForgeConfigSpec/CORE]: Configuration file /workspaces/Try22/servidor_minecraft/config/alexsmobs.toml is not correct. Correcting
[08Nov2025 16:09:11.147] [main/WARN] [net.minecraftforge.common.ForgeConfigSpec/CORE]: Incorrect key general was corrected from null to its default, SimpleCommentedConfig:{}. 
[08Nov2025 16:09:11.148] [main/WARN] [net.minecraftforge.common.ForgeConfigSpec/CORE]: Incorrect key general.giveBookOnStartup was corrected from null to its default, true. 
[08Nov2025 16:09:11.149] [main/WARN] [net.minecraftforge.common.ForgeConfigSpec/CORE]: Incorrect key general.lavaVisionOpacity was corrected from null to its default, 0.65. 
[08Nov2025 16:09:11.150] [main/WARN] [net.minecraftforge.common.ForgeConfigSpec/CORE]: Incorrect key general.shadersCompat was corrected from null to its default, false. 
[08Nov2025 16:09:11.150] [main/WARN] [net.minecraftforge.common.ForgeConfigSpec/CORE]: Incorrect key general.bananasDropFromLeaves was corrected from null to its default, true. 
[08Nov2025 16:09:11.153] [main/WARN] [net.minecraftforge.common.ForgeConfigSpec/CORE]: Incorrect key general.bananaChance was corrected from null to its default, 200. 
[08Nov2025 16:09:11.154] [main/WARN] [net.minecraftforge.common.ForgeConfigSpec/CORE]: Incorrect key general.spidersAttackFlies was corrected from null to its default, true. 
[08Nov2025 16:09:11.156] [main/WARN] [net.minecraftforge.common.ForgeConfigSpec/CORE]: Incorrect key general.wolvesAttackMoose was corrected from null to its default, true. 
[08Nov2025 16:09:11.161] [main/WARN] [net.minecraftforge.common.ForgeConfigSpec/CORE]: Incorrect key general.polarBearsAttackSeals was corrected from null to its default, true. 
[08Nov2025 16:09:11.161] [main/WARN] [net.minecraftforge.common.ForgeConfigSpec/CORE]: Incorrect key general.lavaBottleEnabled was corrected from null to its default, true. 
[08Nov2025 16:09:11.163] [main/WARN] [net.minecraftforge.common.ForgeConfigSpec/CORE]: Incorrect key general.neutralBoneSerpents was corrected from null to its default, false. 
[08Nov2025 16:09:11.163] [main/WARN] [net.minecraftforge.common.ForgeConfigSpec/CORE]: Incorrect key general.caveCentipedeSpawnHeight was corrected from null to its default, 30. 
[08Nov2025 16:09:11.164] [main/WARN] [net.minecraftforge.common.ForgeConfigSpec/CORE]: Incorrect key general.blobfishSpawnHeight was corrected from null to its default, 38. 
[08Nov2025 16:09:11.165] [main/WARN] [net.minecraftforge.common.ForgeConfigSpec/CORE]: Incorrect key general.mimicubeSpawnInEndCity was corrected from null to its default, true. 
[08Nov2025 16:09:11.165] [main/WARN] [net.minecraftforge.common.ForgeConfigSpec/CORE]: Incorrect key general.mimicreamRepair was corrected from null to its default, true. 
[08Nov2025 16:09:11.167] [main/WARN] [net.minecraftforge.common.ForgeConfigSpec/CORE]: Incorrect key general.mimicreamBlacklist was corrected from null to its default, [alexsmobs:blood_sprayer, alexsmobs:hemolymph_blaster]. 
[08Nov2025 16:09:11.169] [main/WARN] [net.minecraftforge.common.ForgeConfigSpec/CORE]: Incorrect key general.raccoonStealFromChests was corrected from null to its default, true. 
[08Nov2025 16:09:11.173] [main/WARN] [net.minecraftforge.common.ForgeConfigSpec/CORE]: Incorrect key general.fishOilMeme was corrected from null to its default, true. 
[08Nov2025 16:09:11.173] [main/WARN] [net.minecraftforge.common.ForgeConfigSpec/CORE]: Incorrect key general.soulVultureSpawnOnFossil was corrected from null to its default, true. 
[08Nov2025 16:09:11.174] [main/WARN] [net.minecraftforge.common.ForgeConfigSpec/CORE]: Incorrect key general.acaciaBlossomsDropFromLeaves was corrected from null to its default, true. 
[08Nov2025 16:09:11.176] [main/WARN] [net.minecraftforge.common.ForgeConfigSpec/CORE]: Incorrect key general.wanderingTraderOffers was corrected from null to its default, true. 
[08Nov2025 16:09:11.180] [main/WARN] [net.minecraftforge.common.ForgeConfigSpec/CORE]: Incorrect key general.mungusBiomeTransformationType was corrected from null to its default, 2. 
[08Nov2025 16:09:11.180] [main/WARN] [net.minecraftforge.common.ForgeConfigSpec/CORE]: Incorrect key general.mungusBiomeMatches was corrected from null to its default, [minecraft:red_mushroom|minecraft:mushroom_fields|minecraft:mycelium, minecraft:brown_mushroom|minecraft:mushroom_fields|minecraft:mycelium, minecraft:crimson_fungus|minecraft:crimson_forest|minecraft:crimson_nylium, minecraft:warped_fungus|minecraft:warped_forest|minecraft:warped_nylium]. 
[08Nov2025 16:09:11.182] [main/WARN] [net.minecraftforge.common.ForgeConfigSpec/CORE]: Incorrect key general.limitGusterSpawnsToWeather was corrected from null to its default, true. 
[08Nov2025 16:09:11.182] [main/WARN] [net.minecraftforge.common.ForgeConfigSpec/CORE]: Incorrect key general.warpedMoscoTransformation was corrected from null to its default, true. 
[08Nov2025 16:09:11.184] [main/WARN] [net.minecraftforge.common.ForgeConfigSpec/CORE]: Incorrect key general.warpedMoscoMobTriggers was corrected from null to its default, []. 
[08Nov2025 16:09:11.185] [main/WARN] [net.minecraftforge.common.ForgeConfigSpec/CORE]: Incorrect key general.straddleboardEnchants was corrected from null to its default, true. 
[08Nov2025 16:09:11.187] [main/WARN] [net.minecraftforge.common.ForgeConfigSpec/CORE]: Incorrect key general.emuTargetSkeletons was corrected from null to its default, true. 
[08Nov2025 16:09:11.191] [main/WARN] [net.minecraftforge.common.ForgeConfigSpec/CORE]: Incorrect key general.emuPantsDodgeChance was corrected from null to its default, 0.45. 
[08Nov2025 16:09:11.191] [main/WARN] [net.minecraftforge.common.ForgeConfigSpec/CORE]: Incorrect key general.cachalotVolume was corrected from null to its default, 3.0. 
[08Nov2025 16:09:11.192] [main/WARN] [net.minecraftforge.common.ForgeConfigSpec/CORE]: Incorrect key general.leafcutterAntFungusGrowChance was corrected from null to its default, 0.3. 
[08Nov2025 16:09:11.194] [main/WARN] [net.minecraftforge.common.ForgeConfigSpec/CORE]: Incorrect key general.leafcutterAntRepopulateFeedings was corrected from null to its default, 25. 
[08Nov2025 16:09:11.195] [main/WARN] [net.minecraftforge.common.ForgeConfigSpec/CORE]: Incorrect key general.leafcutterAntColonySize was corrected from null to its default, 20. 
[08Nov2025 16:09:11.195] [main/WARN] [net.minecraftforge.common.ForgeConfigSpec/CORE]: Incorrect key general.leafcutterAntBreakLeavesChance was corrected from null to its default, 0.2. 
[08Nov2025 16:09:11.196] [main/WARN] [net.minecraftforge.common.ForgeConfigSpec/CORE]: Incorrect key general.falconryTeleportsBack was corrected from null to its default, false. 
[08Nov2025 16:09:11.197] [main/WARN] [net.minecraftforge.common.ForgeConfigSpec/CORE]: Incorrect key general.fireproofTarantulaHawk was corrected from null to its default, false. 
[08Nov2025 16:09:11.199] [main/WARN] [net.minecraftforge.common.ForgeConfigSpec/CORE]: Incorrect key general.voidWormSpawnDimensions was corrected from null to its default, [minecraft:the_end]. 
[08Nov2025 16:09:11.200] [main/WARN] [net.minecraftforge.common.ForgeConfigSpec/CORE]: Incorrect key general.voidWormDamageModifier was corrected from null to its default, 1.0. 
[08Nov2025 16:09:11.202] [main/WARN] [net.minecraftforge.common.ForgeConfigSpec/CORE]: Incorrect key general.voidWormMaxHealth was corrected from null to its default, 160.0. 
[08Nov2025 16:09:11.202] [main/WARN] [net.minecraftforge.common.ForgeConfigSpec/CORE]: Incorrect key general.voidWormSummonable was corrected from null to its default, true. 
[08Nov2025 16:09:11.204] [main/WARN] [net.minecraftforge.common.ForgeConfigSpec/CORE]: Incorrect key general.seagullStealing was corrected from null to its default, true. 
[08Nov2025 16:09:11.205] [main/WARN] [net.minecraftforge.common.ForgeConfigSpec/CORE]: Incorrect key general.seagullStealingBlacklist was corrected from null to its default, []. 
[08Nov2025 16:09:11.206] [main/WARN] [net.minecraftforge.common.ForgeConfigSpec/CORE]: Incorrect key general.clingingFlipEffect was corrected from null to its default, false. 
[08Nov2025 16:09:11.207] [main/WARN] [net.minecraftforge.common.ForgeConfigSpec/CORE]: Incorrect key general.spawning was corrected from null to its default, SimpleCommentedConfig:{}. 
[08Nov2025 16:09:11.207] [main/WARN] [net.minecraftforge.common.ForgeConfigSpec/CORE]: Incorrect key general.spawning.grizzlyBearSpawnWeight was corrected from null to its default, 8. 
[08Nov2025 16:09:11.208] [main/WARN] [net.minecraftforge.common.ForgeConfigSpec/CORE]: Incorrect key general.spawning.grizzlyBearSpawnRolls was corrected from null to its default, 0. 
[08Nov2025 16:09:11.210] [main/WARN] [net.minecraftforge.common.ForgeConfigSpec/CORE]: Incorrect key general.spawning.roadrunnerSpawnWeight was corrected from null to its default, 9. 
[08Nov2025 16:09:11.211] [main/WARN] [net.minecraftforge.common.ForgeConfigSpec/CORE]: Incorrect key general.spawning.roadrunnerSpawnRolls was corrected from null to its default, 1. 
[08Nov2025 16:09:11.212] [main/WARN] [net.minecraftforge.common.ForgeConfigSpec/CORE]: Incorrect key general.spawning.boneSerpentSpawnWeight was corrected from null to its default, 8. 
[08Nov2025 16:09:11.212] [main/WARN] [net.minecraftforge.common.ForgeConfigSpec/CORE]: Incorrect key general.spawning.boneSeprentSpawnRolls was corrected from null to its default, 40. 
[08Nov2025 16:09:11.213] [main/WARN] [net.minecraftforge.common.ForgeConfigSpec/CORE]: Incorrect key general.spawning.gazelleSpawnWeight was corrected from null to its default, 40. 
[08Nov2025 16:09:11.214] [main/WARN] [net.minecraftforge.common.ForgeConfigSpec/CORE]: Incorrect key general.spawning.gazelleSpawnRolls was corrected from null to its default, 0. 
[08Nov2025 16:09:11.215] [main/WARN] [net.minecraftforge.common.ForgeConfigSpec/CORE]: Incorrect key general.spawning.crocodileSpawnWeight was corrected from null to its default, 40. 
[08Nov2025 16:09:11.216] [main/WARN] [net.minecraftforge.common.ForgeConfigSpec/CORE]: Incorrect key general.spawning.crocSpawnRolls was corrected from null to its default, 1. 
[08Nov2025 16:09:11.216] [main/WARN] [net.minecraftforge.common.ForgeConfigSpec/CORE]: Incorrect key general.spawning.flySpawnWeight was corrected from null to its default, 3. 
[08Nov2025 16:09:11.218] [main/WARN] [net.minecraftforge.common.ForgeConfigSpec/CORE]: Incorrect key general.spawning.flySpawnRolls was corrected from null to its default, 1. 
[08Nov2025 16:09:11.220] [main/WARN] [net.minecraftforge.common.ForgeConfigSpec/CORE]: Incorrect key general.spawning.hummingbirdSpawnWeight was corrected from null to its default, 39. 
[08Nov2025 16:09:11.221] [main/WARN] [net.minecraftforge.common.ForgeConfigSpec/CORE]: Incorrect key general.spawning.hummingbirdSpawnRolls was corrected from null to its default, 1. 
[08Nov2025 16:09:11.222] [main/WARN] [net.minecraftforge.common.ForgeConfigSpec/CORE]: Incorrect key general.spawning.orcaSpawnWeight was corrected from null to its default, 2. 
[08Nov2025 16:09:11.223] [main/WARN] [net.minecraftforge.common.ForgeConfigSpec/CORE]: Incorrect key general.spawning.orcaSpawnRolls was corrected from null to its default, 6. 
[08Nov2025 16:09:11.224] [main/WARN] [net.minecraftforge.common.ForgeConfigSpec/CORE]: Incorrect key general.spawning.sunbirdSpawnWeight was corrected from null to its default, 2. 
[08Nov2025 16:09:11.226] [main/WARN] [net.minecraftforge.common.ForgeConfigSpec/CORE]: Incorrect key general.spawning.sunbirdSpawnRolls was corrected from null to its default, 15. 
[08Nov2025 16:09:11.227] [main/WARN] [net.minecraftforge.common.ForgeConfigSpec/CORE]: Incorrect key general.spawning.gorillaSpawnWeight was corrected from null to its default, 50. 
[08Nov2025 16:09:11.227] [main/WARN] [net.minecraftforge.common.ForgeConfigSpec/CORE]: Incorrect key general.spawning.gorillaSpawnRolls was corrected from null to its default, 0. 
[08Nov2025 16:09:11.228] [main/WARN] [net.minecraftforge.common.ForgeConfigSpec/CORE]: Incorrect key general.spawning.crimsonMosquitoSpawnWeight was corrected from null to its default, 15. 
[08Nov2025 16:09:11.229] [main/WARN] [net.minecraftforge.common.ForgeConfigSpec/CORE]: Incorrect key general.spawning.crimsonMosquitoSpawnRolls was corrected from null to its default, 0. 
[08Nov2025 16:09:11.229] [main/WARN] [net.minecraftforge.common.ForgeConfigSpec/CORE]: Incorrect key general.spawning.rattlesnakeSpawnWeight was corrected from null to its default, 12. 
[08Nov2025 16:09:11.230] [main/WARN] [net.minecraftforge.common.ForgeConfigSpec/CORE]: Incorrect key general.spawning.rattlesnakeSpawnRolls was corrected from null to its default, 0. 
[08Nov2025 16:09:11.231] [main/WARN] [net.minecraftforge.common.ForgeConfigSpec/CORE]: Incorrect key general.spawning.endergradeSpawnWeight was corrected from null to its default, 10. 
[08Nov2025 16:09:11.233] [main/WARN] [net.minecraftforge.common.ForgeConfigSpec/CORE]: Incorrect key general.spawning.endergradeSpawnRolls was corrected from null to its default, 0. 
[08Nov2025 16:09:11.233] [main/WARN] [net.minecraftforge.common.ForgeConfigSpec/CORE]: Incorrect key general.spawning.hammerheadSharkSpawnWeight was corrected from null to its default, 8. 
[08Nov2025 16:09:11.234] [main/WARN] [net.minecraftforge.common.ForgeConfigSpec/CORE]: Incorrect key general.spawning.hammerheadSharkSpawnRolls was corrected from null to its default, 1. 
[08Nov2025 16:09:11.235] [main/WARN] [net.minecraftforge.common.ForgeConfigSpec/CORE]: Incorrect key general.spawning.lobsterSpawnWeight was corrected from null to its default, 7. 
[08Nov2025 16:09:11.235] [main/WARN] [net.minecraftforge.common.ForgeConfigSpec/CORE]: Incorrect key general.spawning.lobsterSpawnRolls was corrected from null to its default, 0. 
[08Nov2025 16:09:11.237] [main/WARN] [net.minecraftforge.common.ForgeConfigSpec/CORE]: Incorrect key general.spawning.komodoDragonSpawnWeight was corrected from null to its default, 4. 
[08Nov2025 16:09:11.238] [main/WARN] [net.minecraftforge.common.ForgeConfigSpec/CORE]: Incorrect key general.spawning.komodoDragonSpawnRolls was corrected from null to its default, 1. 
[08Nov2025 16:09:11.239] [main/WARN] [net.minecraftforge.common.ForgeConfigSpec/CORE]: Incorrect key general.spawning.capuchinMonkeySpawnWeight was corrected from null to its default, 55. 
[08Nov2025 16:09:11.241] [main/WARN] [net.minecraftforge.common.ForgeConfigSpec/CORE]: Incorrect key general.spawning.capuchinMonkeySpawnRolls was corrected from null to its default, 0. 
[08Nov2025 16:09:11.241] [main/WARN] [net.minecraftforge.common.ForgeConfigSpec/CORE]: Incorrect key general.spawning.caveCentipedeSpawnWeight was corrected from null to its default, 8. 
[08Nov2025 16:09:11.242] [main/WARN] [net.minecraftforge.common.ForgeConfigSpec/CORE]: Incorrect key general.spawning.caveCentipedeSpawnRolls was corrected from null to its default, 1. 
[08Nov2025 16:09:11.242] [main/WARN] [net.minecraftforge.common.ForgeConfigSpec/CORE]: Incorrect key general.spawning.warpedToadSpawnWeight was corrected from null to its default, 80. 
[08Nov2025 16:09:11.244] [main/WARN] [net.minecraftforge.common.ForgeConfigSpec/CORE]: Incorrect key general.spawning.warpedToadSpawnRolls was corrected from null to its default, 0. 
[08Nov2025 16:09:11.245] [main/WARN] [net.minecraftforge.common.ForgeConfigSpec/CORE]: Incorrect key general.spawning.mooseSpawnWeight was corrected from null to its default, 9. 
[08Nov2025 16:09:11.245] [main/WARN] [net.minecraftforge.common.ForgeConfigSpec/CORE]: Incorrect key general.spawning.mooseSpawnRolls was corrected from null to its default, 0. 
[08Nov2025 16:09:11.250] [main/WARN] [net.minecraftforge.common.ForgeConfigSpec/CORE]: Incorrect key general.spawning.mimicubeSpawnWeight was corrected from null to its default, 40. 
[08Nov2025 16:09:11.251] [main/WARN] [net.minecraftforge.common.ForgeConfigSpec/CORE]: Incorrect key general.spawning.mimicubeSpawnRolls was corrected from null to its default, 0. 
[08Nov2025 16:09:11.251] [main/WARN] [net.minecraftforge.common.ForgeConfigSpec/CORE]: Incorrect key general.spawning.raccoonSpawnWeight was corrected from null to its default, 10. 
[08Nov2025 16:09:11.252] [main/WARN] [net.minecraftforge.common.ForgeConfigSpec/CORE]: Incorrect key general.spawning.raccoonSpawnRolls was corrected from null to its default, 0. 
[08Nov2025 16:09:11.253] [main/WARN] [net.minecraftforge.common.ForgeConfigSpec/CORE]: Incorrect key general.spawning.blobfishSpawnWeight was corrected from null to its default, 30. 
[08Nov2025 16:09:11.254] [main/WARN] [net.minecraftforge.common.ForgeConfigSpec/CORE]: Incorrect key general.spawning.blobfishSpawnRolls was corrected from null to its default, 0. 
[08Nov2025 16:09:11.257] [main/WARN] [net.minecraftforge.common.ForgeConfigSpec/CORE]: Incorrect key general.spawning.sealSpawnWeight was corrected from null to its default, 30. 
[08Nov2025 16:09:11.257] [main/WARN] [net.minecraftforge.common.ForgeConfigSpec/CORE]: Incorrect key general.spawning.sealSpawnRolls was corrected from null to its default, 0. 
[08Nov2025 16:09:11.258] [main/WARN] [net.minecraftforge.common.ForgeConfigSpec/CORE]: Incorrect key general.spawning.cockroachSpawnWeight was corrected from null to its default, 4. 
[08Nov2025 16:09:11.258] [main/WARN] [net.minecraftforge.common.ForgeConfigSpec/CORE]: Incorrect key general.spawning.cockroachSpawnRolls was corrected from null to its default, 0. 
[08Nov2025 16:09:11.259] [main/WARN] [net.minecraftforge.common.ForgeConfigSpec/CORE]: Incorrect key general.spawning.shoebillSpawnWeight was corrected from null to its default, 10. 
[08Nov2025 16:09:11.261] [main/WARN] [net.minecraftforge.common.ForgeConfigSpec/CORE]: Incorrect key general.spawning.shoebillSpawnRolls was corrected from null to its default, 0. 
[08Nov2025 16:09:11.262] [main/WARN] [net.minecraftforge.common.ForgeConfigSpec/CORE]: Incorrect key general.spawning.elephantSpawnWeight was corrected from null to its default, 30. 
[08Nov2025 16:09:11.262] [main/WARN] [net.minecraftforge.common.ForgeConfigSpec/CORE]: Incorrect key general.spawning.elephantSpawnRolls was corrected from null to its default, 0. 
[08Nov2025 16:09:11.262] [main/WARN] [net.minecraftforge.common.ForgeConfigSpec/CORE]: Incorrect key general.spawning.soulVultureSpawnWeight was corrected from null to its default, 30. 
[08Nov2025 16:09:11.263] [main/WARN] [net.minecraftforge.common.ForgeConfigSpec/CORE]: Incorrect key general.spawning.soulVultureSpawnRolls was corrected from null to its default, 0. 
[08Nov2025 16:09:11.263] [main/WARN] [net.minecraftforge.common.ForgeConfigSpec/CORE]: Incorrect key general.spawning.snowLeopardSpawnWeight was corrected from null to its default, 20. 
[08Nov2025 16:09:11.264] [main/WARN] [net.minecraftforge.common.ForgeConfigSpec/CORE]: Incorrect key general.spawning.snowLeopardSpawnRolls was corrected from null to its default, 0. 
[08Nov2025 16:09:11.265] [main/WARN] [net.minecraftforge.common.ForgeConfigSpec/CORE]: Incorrect key general.spawning.spectreSpawnWeight was corrected from null to its default, 10. 
[08Nov2025 16:09:11.267] [main/WARN] [net.minecraftforge.common.ForgeConfigSpec/CORE]: Incorrect key general.spawning.spectreSpawnRolls was corrected from null to its default, 5. 
[08Nov2025 16:09:11.268] [main/WARN] [net.minecraftforge.common.ForgeConfigSpec/CORE]: Incorrect key general.spawning.crowSpawnWeight was corrected from null to its default, 10. 
[08Nov2025 16:09:11.268] [main/WARN] [net.minecraftforge.common.ForgeConfigSpec/CORE]: Incorrect key general.spawning.crowSpawnRolls was corrected from null to its default, 0. 
[08Nov2025 16:09:11.268] [main/WARN] [net.minecraftforge.common.ForgeConfigSpec/CORE]: Incorrect key general.spawning.alligatorSnappingTurtleSpawnWeight was corrected from null to its default, 20. 
[08Nov2025 16:09:11.269] [main/WARN] [net.minecraftforge.common.ForgeConfigSpec/CORE]: Incorrect key general.spawning.alligatorSnappingTurtleSpawnRolls was corrected from null to its default, 1. 
[08Nov2025 16:09:11.270] [main/WARN] [net.minecraftforge.common.ForgeConfigSpec/CORE]: Incorrect key general.spawning.mungusSpawnWeight was corrected from null to its default, 4. 
[08Nov2025 16:09:11.271] [main/WARN] [net.minecraftforge.common.ForgeConfigSpec/CORE]: Incorrect key general.spawning.mungusSpawnRolls was corrected from null to its default, 1. 
[08Nov2025 16:09:11.272] [main/WARN] [net.minecraftforge.common.ForgeConfigSpec/CORE]: Incorrect key general.spawning.mantisShrimpSpawnWeight was corrected from null to its default, 15. 
[08Nov2025 16:09:11.272] [main/WARN] [net.minecraftforge.common.ForgeConfigSpec/CORE]: Incorrect key general.spawning.mantisShrimpSpawnRolls was corrected from null to its default, 0. 
[08Nov2025 16:09:11.273] [main/WARN] [net.minecraftforge.common.ForgeConfigSpec/CORE]: Incorrect key general.spawning.gusterSpawnWeight was corrected from null to its default, 35. 
[08Nov2025 16:09:11.273] [main/WARN] [net.minecraftforge.common.ForgeConfigSpec/CORE]: Incorrect key general.spawning.gusterSpawnRolls was corrected from null to its default, 0. 
[08Nov2025 16:09:11.273] [main/WARN] [net.minecraftforge.common.ForgeConfigSpec/CORE]: Incorrect key general.spawning.warpedMoscoSpawnWeight was corrected from null to its default, 1. 
[08Nov2025 16:09:11.274] [main/WARN] [net.minecraftforge.common.ForgeConfigSpec/CORE]: Incorrect key general.spawning.warpedMoscoSpawnRolls was corrected from null to its default, 1000. 
[08Nov2025 16:09:11.275] [main/WARN] [net.minecraftforge.common.ForgeConfigSpec/CORE]: Incorrect key general.spawning.straddlerSpawnWeight was corrected from null to its default, 85. 
[08Nov2025 16:09:11.275] [main/WARN] [net.minecraftforge.common.ForgeConfigSpec/CORE]: Incorrect key general.spawning.straddlerSpawnRolls was corrected from null to its default, 0. 
[08Nov2025 16:09:11.277] [main/WARN] [net.minecraftforge.common.ForgeConfigSpec/CORE]: Incorrect key general.spawning.stradpoleSpawnWeight was corrected from null to its default, 10. 
[08Nov2025 16:09:11.277] [main/WARN] [net.minecraftforge.common.ForgeConfigSpec/CORE]: Incorrect key general.spawning.stradpoleSpawnRolls was corrected from null to its default, 3. 
[08Nov2025 16:09:11.278] [main/WARN] [net.minecraftforge.common.ForgeConfigSpec/CORE]: Incorrect key general.spawning.emuSpawnWeight was corrected from null to its default, 20. 
[08Nov2025 16:09:11.279] [main/WARN] [net.minecraftforge.common.ForgeConfigSpec/CORE]: Incorrect key general.spawning.emuSpawnRolls was corrected from null to its default, 0. 
[08Nov2025 16:09:11.281] [main/WARN] [net.minecraftforge.common.ForgeConfigSpec/CORE]: Incorrect key general.spawning.platypusSpawnWeight was corrected from null to its default, 30. 
[08Nov2025 16:09:11.281] [main/WARN] [net.minecraftforge.common.ForgeConfigSpec/CORE]: Incorrect key general.spawning.platypusSpawnRolls was corrected from null to its default, 0. 
[08Nov2025 16:09:11.282] [main/WARN] [net.minecraftforge.common.ForgeConfigSpec/CORE]: Incorrect key general.spawning.dropbearSpawnWeight was corrected from null to its default, 19. 
[08Nov2025 16:09:11.283] [main/WARN] [net.minecraftforge.common.ForgeConfigSpec/CORE]: Incorrect key general.spawning.dropbearSpawnRolls was corrected from null to its default, 1. 
[08Nov2025 16:09:11.283] [main/WARN] [net.minecraftforge.common.ForgeConfigSpec/CORE]: Incorrect key general.spawning.tasmanianDevilSpawnWeight was corrected from null to its default, 10. 
[08Nov2025 16:09:11.286] [main/WARN] [net.minecraftforge.common.ForgeConfigSpec/CORE]: Incorrect key general.spawning.tasmanianDevilSpawnRolls was corrected from null to its default, 0. 
[08Nov2025 16:09:11.286] [main/WARN] [net.minecraftforge.common.ForgeConfigSpec/CORE]: Incorrect key general.spawning.kangarooSpawnWeight was corrected from null to its default, 25. 
[08Nov2025 16:09:11.287] [main/WARN] [net.minecraftforge.common.ForgeConfigSpec/CORE]: Incorrect key general.spawning.kangarooSpawnRolls was corrected from null to its default, 0. 
[08Nov2025 16:09:11.287] [main/WARN] [net.minecraftforge.common.ForgeConfigSpec/CORE]: Incorrect key general.spawning.cachalotWhaleSpawnWeight was corrected from null to its default, 2. 
[08Nov2025 16:09:11.288] [main/WARN] [net.minecraftforge.common.ForgeConfigSpec/CORE]: Incorrect key general.spawning.cachalotWhaleSpawnRolls was corrected from null to its default, 0. 
[08Nov2025 16:09:11.291] [main/WARN] [net.minecraftforge.common.ForgeConfigSpec/CORE]: Incorrect key general.spawning.enderiophageSpawnWeight was corrected from null to its default, 4. 
[08Nov2025 16:09:11.291] [main/WARN] [net.minecraftforge.common.ForgeConfigSpec/CORE]: Incorrect key general.spawning.enderiophageSpawnRolls was corrected from null to its default, 2. 
[08Nov2025 16:09:11.291] [main/WARN] [net.minecraftforge.common.ForgeConfigSpec/CORE]: Incorrect key general.spawning.baldEagleSpawnWeight was corrected from null to its default, 15. 
[08Nov2025 16:09:11.292] [main/WARN] [net.minecraftforge.common.ForgeConfigSpec/CORE]: Incorrect key general.spawning.baldEagleSpawnRolls was corrected from null to its default, 0. 
[08Nov2025 16:09:11.292] [main/WARN] [net.minecraftforge.common.ForgeConfigSpec/CORE]: Incorrect key general.spawning.tigerSpawnWeight was corrected from null to its default, 100. 
[08Nov2025 16:09:11.292] [main/WARN] [net.minecraftforge.common.ForgeConfigSpec/CORE]: Incorrect key general.spawning.tigerSpawnRolls was corrected from null to its default, 0. 
[08Nov2025 16:09:11.294] [main/WARN] [net.minecraftforge.common.ForgeConfigSpec/CORE]: Incorrect key general.spawning.tarantulaHawkSpawnWeight was corrected from null to its default, 6. 
[08Nov2025 16:09:11.294] [main/WARN] [net.minecraftforge.common.ForgeConfigSpec/CORE]: Incorrect key general.spawning.tarantulaHawkSpawnRolls was corrected from null to its default, 1. 
[08Nov2025 16:09:11.295] [main/WARN] [net.minecraftforge.common.ForgeConfigSpec/CORE]: Incorrect key general.spawning.voidWormSpawnWeight was corrected from null to its default, 0. 
[08Nov2025 16:09:11.297] [main/WARN] [net.minecraftforge.common.ForgeConfigSpec/CORE]: Incorrect key general.spawning.voidWormSpawnRolls was corrected from null to its default, 0. 
[08Nov2025 16:09:11.298] [main/WARN] [net.minecraftforge.common.ForgeConfigSpec/CORE]: Incorrect key general.spawning.frilledSharkSpawnWeight was corrected from null to its default, 11. 
[08Nov2025 16:09:11.298] [main/WARN] [net.minecraftforge.common.ForgeConfigSpec/CORE]: Incorrect key general.spawning.frilledSharkSpawnRolls was corrected from null to its default, 0. 
[08Nov2025 16:09:11.299] [main/WARN] [net.minecraftforge.common.ForgeConfigSpec/CORE]: Incorrect key general.spawning.mimicOctopusSpawnWeight was corrected from null to its default, 9. 
[08Nov2025 16:09:11.300] [main/WARN] [net.minecraftforge.common.ForgeConfigSpec/CORE]: Incorrect key general.spawning.mimicOctopusSpawnRolls was corrected from null to its default, 0. 
[08Nov2025 16:09:11.301] [main/WARN] [net.minecraftforge.common.ForgeConfigSpec/CORE]: Incorrect key general.spawning.seagullSpawnWeight was corrected from null to its default, 21. 
[08Nov2025 16:09:11.301] [main/WARN] [net.minecraftforge.common.ForgeConfigSpec/CORE]: Incorrect key general.spawning.seagullSpawnRolls was corrected from null to its default, 0. 
[08Nov2025 16:09:11.302] [main/WARN] [net.minecraftforge.common.ForgeConfigSpec/CORE]: Incorrect key general.spawning.uniqueSpawning was corrected from null to its default, SimpleCommentedConfig:{}. 
[08Nov2025 16:09:11.302] [main/WARN] [net.minecraftforge.common.ForgeConfigSpec/CORE]: Incorrect key general.spawning.uniqueSpawning.beachedCachalotWhales was corrected from null to its default, true. 
[08Nov2025 16:09:11.304] [main/WARN] [net.minecraftforge.common.ForgeConfigSpec/CORE]: Incorrect key general.spawning.uniqueSpawning.beachedCachalotWhaleSpawnChance was corrected from null to its default, 5. 
[08Nov2025 16:09:11.305] [main/WARN] [net.minecraftforge.common.ForgeConfigSpec/CORE]: Incorrect key general.spawning.uniqueSpawning.beachedCachalotWhaleSpawnDelay was corrected from null to its default, 24000. 
[08Nov2025 16:09:11.305] [main/WARN] [net.minecraftforge.common.ForgeConfigSpec/CORE]: Incorrect key general.spawning.uniqueSpawning.leafcutterAnthillSpawnChance was corrected from null to its default, 0.004999999888241291. 
[08Nov2025 16:09:11.405] [main/WARN] [net.minecraftforge.common.ForgeConfigSpec/CORE]: Configuration file /workspaces/Try22/servidor_minecraft/config/appliedenergistics2-common.toml is not correct. Correcting
[08Nov2025 16:09:11.405] [main/WARN] [net.minecraftforge.common.ForgeConfigSpec/CORE]: Incorrect key features was corrected from null to its default, SimpleCommentedConfig:{}. 
[08Nov2025 16:09:11.406] [main/WARN] [net.minecraftforge.common.ForgeConfigSpec/CORE]: Incorrect key features.Facades was corrected from null to its default, SimpleCommentedConfig:{}. 
[08Nov2025 16:09:11.406] [main/WARN] [net.minecraftforge.common.ForgeConfigSpec/CORE]: Incorrect key features.Facades.TileEntityFacades was corrected from null to its default, false. 
[08Nov2025 16:09:11.413] [main/WARN] [net.minecraftforge.common.ForgeConfigSpec/CORE]: Incorrect key features.Misc was corrected from null to its default, SimpleCommentedConfig:{}. 
[08Nov2025 16:09:11.414] [main/WARN] [net.minecraftforge.common.ForgeConfigSpec/CORE]: Incorrect key features.Misc.UnsupportedDeveloperTools was corrected from null to its default, false. 
[08Nov2025 16:09:11.416] [main/WARN] [net.minecraftforge.common.ForgeConfigSpec/CORE]: Incorrect key features.Misc.IntegrationLogging was corrected from null to its default, false. 
[08Nov2025 16:09:11.418] [main/WARN] [net.minecraftforge.common.ForgeConfigSpec/CORE]: Incorrect key features.Misc.WebsiteRecipes was corrected from null to its default, false. 
[08Nov2025 16:09:11.423] [main/WARN] [net.minecraftforge.common.ForgeConfigSpec/CORE]: Incorrect key features.Misc.LogSecurityAudits was corrected from null to its default, false. 
[08Nov2025 16:09:11.423] [main/WARN] [net.minecraftforge.common.ForgeConfigSpec/CORE]: Incorrect key features.Misc.UpdateLogging was corrected from null to its default, false. 
[08Nov2025 16:09:11.423] [main/WARN] [net.minecraftforge.common.ForgeConfigSpec/CORE]: Incorrect key features.Misc.PacketLogging was corrected from null to its default, false. 
[08Nov2025 16:09:11.424] [main/WARN] [net.minecraftforge.common.ForgeConfigSpec/CORE]: Incorrect key features.Misc.CraftingLog was corrected from null to its default, false. 
[08Nov2025 16:09:11.424] [main/WARN] [net.minecraftforge.common.ForgeConfigSpec/CORE]: Incorrect key features.Misc.DebugLogging was corrected from null to its default, false. 
[08Nov2025 16:09:11.425] [main/WARN] [net.minecraftforge.common.ForgeConfigSpec/CORE]: Incorrect key features.Crafting was corrected from null to its default, SimpleCommentedConfig:{}. 
[08Nov2025 16:09:11.427] [main/WARN] [net.minecraftforge.common.ForgeConfigSpec/CORE]: Incorrect key features.Crafting.EnableFacadeCrafting was corrected from null to its default, true. 
[08Nov2025 16:09:11.428] [main/WARN] [net.minecraftforge.common.ForgeConfigSpec/CORE]: Incorrect key features.Crafting.InWorldSingularity was corrected from null to its default, true. 
[08Nov2025 16:09:11.429] [main/WARN] [net.minecraftforge.common.ForgeConfigSpec/CORE]: Incorrect key features.Crafting.InWorldFluix was corrected from null to its default, true. 
[08Nov2025 16:09:11.430] [main/WARN] [net.minecraftforge.common.ForgeConfigSpec/CORE]: Incorrect key features.Crafting.InWorldPurification was corrected from null to its default, true. 
[08Nov2025 16:09:11.430] [main/WARN] [net.minecraftforge.common.ForgeConfigSpec/CORE]: Incorrect key features.Crafting.EnableDisassemblyCrafting was corrected from null to its default, true. 
[08Nov2025 16:09:11.431] [main/WARN] [net.minecraftforge.common.ForgeConfigSpec/CORE]: Incorrect key features.World was corrected from null to its default, SimpleCommentedConfig:{}. 
[08Nov2025 16:09:11.431] [main/WARN] [net.minecraftforge.common.ForgeConfigSpec/CORE]: Incorrect key features.World.CertusQuartzWorldGen was corrected from null to its default, true. 
[08Nov2025 16:09:11.433] [main/WARN] [net.minecraftforge.common.ForgeConfigSpec/CORE]: Incorrect key features.World.MeteoriteWorldGen was corrected from null to its default, true. 
[08Nov2025 16:09:11.434] [main/WARN] [net.minecraftforge.common.ForgeConfigSpec/CORE]: Incorrect key features.World.SpawnPressesInMeteorites was corrected from null to its default, true. 
[08Nov2025 16:09:11.435] [main/WARN] [net.minecraftforge.common.ForgeConfigSpec/CORE]: Incorrect key features.World.VillagerTrading was corrected from null to its default, true. 
[08Nov2025 16:09:11.437] [main/WARN] [net.minecraftforge.common.ForgeConfigSpec/CORE]: Incorrect key features.Rendering was corrected from null to its default, SimpleCommentedConfig:{}. 
[08Nov2025 16:09:11.437] [main/WARN] [net.minecraftforge.common.ForgeConfigSpec/CORE]: Incorrect key features.Rendering.AlphaPass was corrected from null to its default, true. 
[08Nov2025 16:09:11.438] [main/WARN] [net.minecraftforge.common.ForgeConfigSpec/CORE]: Incorrect key features.Commands was corrected from null to its default, SimpleCommentedConfig:{}. 
[08Nov2025 16:09:11.438] [main/WARN] [net.minecraftforge.common.ForgeConfigSpec/CORE]: Incorrect key features.Commands.ChunkLoggerTrace was corrected from null to its default, false. 
[08Nov2025 16:09:11.441] [main/WARN] [net.minecraftforge.common.ForgeConfigSpec/CORE]: Incorrect key general was corrected from null to its default, SimpleCommentedConfig:{}. 
[08Nov2025 16:09:11.441] [main/WARN] [net.minecraftforge.common.ForgeConfigSpec/CORE]: Incorrect key general.removeCrashingItemsOnLoad was corrected from null to its default, false. 
[08Nov2025 16:09:11.442] [main/WARN] [net.minecraftforge.common.ForgeConfigSpec/CORE]: Incorrect key automation was corrected from null to its default, SimpleCommentedConfig:{}. 
[08Nov2025 16:09:11.442] [main/WARN] [net.minecraftforge.common.ForgeConfigSpec/CORE]: Incorrect key automation.formationPlaneEntityLimit was corrected from null to its default, 128. 
[08Nov2025 16:09:11.446] [main/WARN] [net.minecraftforge.common.ForgeConfigSpec/CORE]: Incorrect key craftingCPU was corrected from null to its default, SimpleCommentedConfig:{}. 
[08Nov2025 16:09:11.446] [main/WARN] [net.minecraftforge.common.ForgeConfigSpec/CORE]: Incorrect key craftingCPU.craftingCalculationTimePerTick was corrected from null to its default, 5. 
[08Nov2025 16:09:11.448] [main/WARN] [net.minecraftforge.common.ForgeConfigSpec/CORE]: Incorrect key spatialio was corrected from null to its default, SimpleCommentedConfig:{}. 
[08Nov2025 16:09:11.448] [main/WARN] [net.minecraftforge.common.ForgeConfigSpec/CORE]: Incorrect key spatialio.spatialPowerMultiplier was corrected from null to its default, 1250.0. 
[08Nov2025 16:09:11.449] [main/WARN] [net.minecraftforge.common.ForgeConfigSpec/CORE]: Incorrect key spatialio.spatialPowerExponent was corrected from null to its default, 1.35. 
[08Nov2025 16:09:11.449] [main/WARN] [net.minecraftforge.common.ForgeConfigSpec/CORE]: Incorrect key spatialio.spatialBlockTags was corrected from null to its default, false. 
[08Nov2025 16:09:11.452] [main/WARN] [net.minecraftforge.common.ForgeConfigSpec/CORE]: Incorrect key GrindStone was corrected from null to its default, SimpleCommentedConfig:{}. 
[08Nov2025 16:09:11.452] [main/WARN] [net.minecraftforge.common.ForgeConfigSpec/CORE]: Incorrect key GrindStone.oreDoublePercentage was corrected from null to its default, 90.0. 
[08Nov2025 16:09:11.453] [main/WARN] [net.minecraftforge.common.ForgeConfigSpec/CORE]: Incorrect key battery was corrected from null to its default, SimpleCommentedConfig:{}. 
[08Nov2025 16:09:11.453] [main/WARN] [net.minecraftforge.common.ForgeConfigSpec/CORE]: Incorrect key battery.wirelessTerminal was corrected from null to its default, 1600000. 
[08Nov2025 16:09:11.453] [main/WARN] [net.minecraftforge.common.ForgeConfigSpec/CORE]: Incorrect key battery.chargedStaff was corrected from null to its default, 8000. 
[08Nov2025 16:09:11.454] [main/WARN] [net.minecraftforge.common.ForgeConfigSpec/CORE]: Incorrect key battery.entropyManipulator was corrected from null to its default, 200000. 
[08Nov2025 16:09:11.454] [main/WARN] [net.minecraftforge.common.ForgeConfigSpec/CORE]: Incorrect key battery.portableCell was corrected from null to its default, 20000. 
[08Nov2025 16:09:11.454] [main/WARN] [net.minecraftforge.common.ForgeConfigSpec/CORE]: Incorrect key battery.colorApplicator was corrected from null to its default, 20000. 
[08Nov2025 16:09:11.455] [main/WARN] [net.minecraftforge.common.ForgeConfigSpec/CORE]: Incorrect key battery.matterCannon was corrected from null to its default, 200000. 
[08Nov2025 16:09:11.458] [main/WARN] [net.minecraftforge.common.ForgeConfigSpec/CORE]: Incorrect key worldGen was corrected from null to its default, SimpleCommentedConfig:{}. 
[08Nov2025 16:09:11.458] [main/WARN] [net.minecraftforge.common.ForgeConfigSpec/CORE]: Incorrect key worldGen.spawnChargedChance was corrected from null to its default, 0.08. 
[08Nov2025 16:09:11.459] [main/WARN] [net.minecraftforge.common.ForgeConfigSpec/CORE]: Incorrect key worldGen.meteoriteBiomeBlacklist was corrected from null to its default, []. 
[08Nov2025 16:09:11.459] [main/WARN] [net.minecraftforge.common.ForgeConfigSpec/CORE]: Incorrect key worldGen.quartzOresPerCluster was corrected from null to its default, 4. 
[08Nov2025 16:09:11.460] [main/WARN] [net.minecraftforge.common.ForgeConfigSpec/CORE]: Incorrect key worldGen.quartzOresClusterAmount was corrected from null to its default, 20. 
[08Nov2025 16:09:11.460] [main/WARN] [net.minecraftforge.common.ForgeConfigSpec/CORE]: Incorrect key worldGen.quartzOresBiomeBlacklist was corrected from null to its default, []. 
[08Nov2025 16:09:11.462] [main/WARN] [net.minecraftforge.common.ForgeConfigSpec/CORE]: Incorrect key wireless was corrected from null to its default, SimpleCommentedConfig:{}. 
[08Nov2025 16:09:11.464] [main/WARN] [net.minecraftforge.common.ForgeConfigSpec/CORE]: Incorrect key wireless.wirelessBaseCost was corrected from null to its default, 8.0. 
[08Nov2025 16:09:11.465] [main/WARN] [net.minecraftforge.common.ForgeConfigSpec/CORE]: Incorrect key wireless.wirelessCostMultiplier was corrected from null to its default, 1.0. 
[08Nov2025 16:09:11.469] [main/WARN] [net.minecraftforge.common.ForgeConfigSpec/CORE]: Incorrect key wireless.wirelessBaseRange was corrected from null to its default, 16.0. 
[08Nov2025 16:09:11.469] [main/WARN] [net.minecraftforge.common.ForgeConfigSpec/CORE]: Incorrect key wireless.wirelessBoosterRangeMultiplier was corrected from null to its default, 1.0. 
[08Nov2025 16:09:11.469] [main/WARN] [net.minecraftforge.common.ForgeConfigSpec/CORE]: Incorrect key wireless.wirelessBoosterExp was corrected from null to its default, 1.5. 
[08Nov2025 16:09:11.469] [main/WARN] [net.minecraftforge.common.ForgeConfigSpec/CORE]: Incorrect key wireless.wirelessHighWirelessCount was corrected from null to its default, 64.0. 
[08Nov2025 16:09:11.469] [main/WARN] [net.minecraftforge.common.ForgeConfigSpec/CORE]: Incorrect key wireless.wirelessTerminalDrainMultiplier was corrected from null to its default, 1.0. 
[08Nov2025 16:09:11.471] [main/WARN] [net.minecraftforge.common.ForgeConfigSpec/CORE]: Incorrect key PowerRatios was corrected from null to its default, SimpleCommentedConfig:{}. 
[08Nov2025 16:09:11.471] [main/WARN] [net.minecraftforge.common.ForgeConfigSpec/CORE]: Incorrect key PowerRatios.ForgeEnergy was corrected from null to its default, 0.5. 
[08Nov2025 16:09:11.471] [main/WARN] [net.minecraftforge.common.ForgeConfigSpec/CORE]: Incorrect key PowerRatios.UsageMultiplier was corrected from null to its default, 1.0. 
[08Nov2025 16:09:11.473] [main/WARN] [net.minecraftforge.common.ForgeConfigSpec/CORE]: Incorrect key Condenser was corrected from null to its default, SimpleCommentedConfig:{}. 
[08Nov2025 16:09:11.473] [main/WARN] [net.minecraftforge.common.ForgeConfigSpec/CORE]: Incorrect key Condenser.MatterBalls was corrected from null to its default, 256. 
[08Nov2025 16:09:11.474] [main/WARN] [net.minecraftforge.common.ForgeConfigSpec/CORE]: Incorrect key Condenser.Singularity was corrected from null to its default, 256000. 
[08Nov2025 16:09:11.477] [main/WARN] [net.minecraftforge.common.ForgeConfigSpec/CORE]: Incorrect key tickRates was corrected from null to its default, SimpleCommentedConfig:{}. 
[08Nov2025 16:09:11.479] [main/WARN] [net.minecraftforge.common.ForgeConfigSpec/CORE]: Incorrect key tickRates.InterfaceMin was corrected from null to its default, 5. 
[08Nov2025 16:09:11.479] [main/WARN] [net.minecraftforge.common.ForgeConfigSpec/CORE]: Incorrect key tickRates.InterfaceMax was corrected from null to its default, 120. 
[08Nov2025 16:09:11.479] [main/WARN] [net.minecraftforge.common.ForgeConfigSpec/CORE]: Incorrect key tickRates.ImportBusMin was corrected from null to its default, 5. 
[08Nov2025 16:09:11.480] [main/WARN] [net.minecraftforge.common.ForgeConfigSpec/CORE]: Incorrect key tickRates.ImportBusMax was corrected from null to its default, 40. 
[08Nov2025 16:09:11.480] [main/WARN] [net.minecraftforge.common.ForgeConfigSpec/CORE]: Incorrect key tickRates.FluidImportBusMin was corrected from null to its default, 5. 
[08Nov2025 16:09:11.481] [main/WARN] [net.minecraftforge.common.ForgeConfigSpec/CORE]: Incorrect key tickRates.FluidImportBusMax was corrected from null to its default, 40. 
[08Nov2025 16:09:11.481] [main/WARN] [net.minecraftforge.common.ForgeConfigSpec/CORE]: Incorrect key tickRates.ExportBusMin was corrected from null to its default, 5. 
[08Nov2025 16:09:11.481] [main/WARN] [net.minecraftforge.common.ForgeConfigSpec/CORE]: Incorrect key tickRates.ExportBusMax was corrected from null to its default, 60. 
[08Nov2025 16:09:11.481] [main/WARN] [net.minecraftforge.common.ForgeConfigSpec/CORE]: Incorrect key tickRates.FluidExportBusMin was corrected from null to its default, 5. 
[08Nov2025 16:09:11.482] [main/WARN] [net.minecraftforge.common.ForgeConfigSpec/CORE]: Incorrect key tickRates.FluidExportBusMax was corrected from null to its default, 60. 
[08Nov2025 16:09:11.482] [main/WARN] [net.minecraftforge.common.ForgeConfigSpec/CORE]: Incorrect key tickRates.AnnihilationPlaneMin was corrected from null to its default, 2. 
[08Nov2025 16:09:11.482] [main/WARN] [net.minecraftforge.common.ForgeConfigSpec/CORE]: Incorrect key tickRates.AnnihilationPlaneMax was corrected from null to its default, 120. 
[08Nov2025 16:09:11.483] [main/WARN] [net.minecraftforge.common.ForgeConfigSpec/CORE]: Incorrect key tickRates.METunnelMin was corrected from null to its default, 5. 
[08Nov2025 16:09:11.483] [main/WARN] [net.minecraftforge.common.ForgeConfigSpec/CORE]: Incorrect key tickRates.METunnelMax was corrected from null to its default, 20. 
[08Nov2025 16:09:11.483] [main/WARN] [net.minecraftforge.common.ForgeConfigSpec/CORE]: Incorrect key tickRates.InscriberMin was corrected from null to its default, 1. 
[08Nov2025 16:09:11.483] [main/WARN] [net.minecraftforge.common.ForgeConfigSpec/CORE]: Incorrect key tickRates.InscriberMax was corrected from null to its default, 1. 
[08Nov2025 16:09:11.484] [main/WARN] [net.minecraftforge.common.ForgeConfigSpec/CORE]: Incorrect key tickRates.ChargerMin was corrected from null to its default, 10. 
[08Nov2025 16:09:11.484] [main/WARN] [net.minecraftforge.common.ForgeConfigSpec/CORE]: Incorrect key tickRates.ChargerMax was corrected from null to its default, 120. 
[08Nov2025 16:09:11.484] [main/WARN] [net.minecraftforge.common.ForgeConfigSpec/CORE]: Incorrect key tickRates.IOPortMin was corrected from null to its default, 1. 
[08Nov2025 16:09:11.485] [main/WARN] [net.minecraftforge.common.ForgeConfigSpec/CORE]: Incorrect key tickRates.IOPortMax was corrected from null to its default, 5. 
[08Nov2025 16:09:11.487] [main/WARN] [net.minecraftforge.common.ForgeConfigSpec/CORE]: Incorrect key tickRates.VibrationChamberMin was corrected from null to its default, 10. 
[08Nov2025 16:09:11.487] [main/WARN] [net.minecraftforge.common.ForgeConfigSpec/CORE]: Incorrect key tickRates.VibrationChamberMax was corrected from null to its default, 40. 
[08Nov2025 16:09:11.488] [main/WARN] [net.minecraftforge.common.ForgeConfigSpec/CORE]: Incorrect key tickRates.StorageBusMin was corrected from null to its default, 5. 
[08Nov2025 16:09:11.488] [main/WARN] [net.minecraftforge.common.ForgeConfigSpec/CORE]: Incorrect key tickRates.StorageBusMax was corrected from null to its default, 60. 
[08Nov2025 16:09:11.489] [main/WARN] [net.minecraftforge.common.ForgeConfigSpec/CORE]: Incorrect key tickRates.FluidStorageBusMin was corrected from null to its default, 5. 
[08Nov2025 16:09:11.489] [main/WARN] [net.minecraftforge.common.ForgeConfigSpec/CORE]: Incorrect key tickRates.FluidStorageBusMax was corrected from null to its default, 60. 
[08Nov2025 16:09:11.490] [main/WARN] [net.minecraftforge.common.ForgeConfigSpec/CORE]: Incorrect key tickRates.ItemTunnelMin was corrected from null to its default, 5. 
[08Nov2025 16:09:11.490] [main/WARN] [net.minecraftforge.common.ForgeConfigSpec/CORE]: Incorrect key tickRates.ItemTunnelMax was corrected from null to its default, 60. 
[08Nov2025 16:09:11.491] [main/WARN] [net.minecraftforge.common.ForgeConfigSpec/CORE]: Incorrect key tickRates.LightTunnelMin was corrected from null to its default, 5. 
[08Nov2025 16:09:11.491] [main/WARN] [net.minecraftforge.common.ForgeConfigSpec/CORE]: Incorrect key tickRates.LightTunnelMax was corrected from null to its default, 60. 
[08Nov2025 16:09:11.491] [main/WARN] [net.minecraftforge.common.ForgeConfigSpec/CORE]: Incorrect key tickRates.OpenComputersTunnelMin was corrected from null to its default, 1. 
[08Nov2025 16:09:11.492] [main/WARN] [net.minecraftforge.common.ForgeConfigSpec/CORE]: Incorrect key tickRates.OpenComputersTunnelMax was corrected from null to its default, 5. 
[08Nov2025 16:09:11.492] [main/WARN] [net.minecraftforge.common.ForgeConfigSpec/CORE]: Incorrect key tickRates.PressureTunnelMin was corrected from null to its default, 1. 
[08Nov2025 16:09:11.492] [main/WARN] [net.minecraftforge.common.ForgeConfigSpec/CORE]: Incorrect key tickRates.PressureTunnelMax was corrected from null to its default, 120. 
[08Nov2025 16:09:11.499] [main/WARN] [net.minecraftforge.common.ForgeConfigSpec/CORE]: Incorrect key inWorldPurification was corrected from null to its default, SimpleCommentedConfig:{}. 
[08Nov2025 16:09:11.499] [main/WARN] [net.minecraftforge.common.ForgeConfigSpec/CORE]: Incorrect key inWorldPurification.improvedFluidTag was corrected from null to its default, . 
[08Nov2025 16:09:11.500] [main/WARN] [net.minecraftforge.common.ForgeConfigSpec/CORE]: Incorrect key inWorldPurification.improvedFluidMultiplier was corrected from null to its default, 2.0. 
[08Nov2025 16:09:11.510] [main/WARN] [net.minecraftforge.common.ForgeConfigSpec/CORE]: Configuration file /workspaces/Try22/servidor_minecraft/config/create-common.toml is not correct. Correcting
[08Nov2025 16:09:11.513] [main/WARN] [net.minecraftforge.common.ForgeConfigSpec/CORE]: Incorrect key worldgen was corrected from null to its default, SimpleCommentedConfig:{}. 
[08Nov2025 16:09:11.513] [main/WARN] [net.minecraftforge.common.ForgeConfigSpec/CORE]: Incorrect key worldgen.v2 was corrected from null to its default, SimpleCommentedConfig:{}. 
[08Nov2025 16:09:11.514] [main/WARN] [net.minecraftforge.common.ForgeConfigSpec/CORE]: Incorrect key worldgen.v2.disableWorldGen was corrected from null to its default, false. 
[08Nov2025 16:09:11.516] [main/WARN] [net.minecraftforge.common.ForgeConfigSpec/CORE]: Incorrect key worldgen.v2.copper_ore was corrected from null to its default, SimpleCommentedConfig:{}. 
[08Nov2025 16:09:11.517] [main/WARN] [net.minecraftforge.common.ForgeConfigSpec/CORE]: Incorrect key worldgen.v2.copper_ore.clusterSize was corrected from null to its default, 18. 
[08Nov2025 16:09:11.519] [main/WARN] [net.minecraftforge.common.ForgeConfigSpec/CORE]: Incorrect key worldgen.v2.copper_ore.frequency was corrected from null to its default, 2.0. 
[08Nov2025 16:09:11.520] [main/WARN] [net.minecraftforge.common.ForgeConfigSpec/CORE]: Incorrect key worldgen.v2.copper_ore.minHeight was corrected from null to its default, 40. 
[08Nov2025 16:09:11.521] [main/WARN] [net.minecraftforge.common.ForgeConfigSpec/CORE]: Incorrect key worldgen.v2.copper_ore.maxHeight was corrected from null to its default, 85. 
[08Nov2025 16:09:11.521] [main/WARN] [net.minecraftforge.common.ForgeConfigSpec/CORE]: Incorrect key worldgen.v2.weathered_limestone was corrected from null to its default, SimpleCommentedConfig:{}. 
[08Nov2025 16:09:11.521] [main/WARN] [net.minecraftforge.common.ForgeConfigSpec/CORE]: Incorrect key worldgen.v2.weathered_limestone.clusterSize was corrected from null to its default, 128. 
[08Nov2025 16:09:11.523] [main/WARN] [net.minecraftforge.common.ForgeConfigSpec/CORE]: Incorrect key worldgen.v2.weathered_limestone.frequency was corrected from null to its default, 0.015625. 
[08Nov2025 16:09:11.525] [main/WARN] [net.minecraftforge.common.ForgeConfigSpec/CORE]: Incorrect key worldgen.v2.weathered_limestone.minHeight was corrected from null to its default, 10. 
[08Nov2025 16:09:11.526] [main/WARN] [net.minecraftforge.common.ForgeConfigSpec/CORE]: Incorrect key worldgen.v2.weathered_limestone.maxHeight was corrected from null to its default, 30. 
[08Nov2025 16:09:11.527] [main/WARN] [net.minecraftforge.common.ForgeConfigSpec/CORE]: Incorrect key worldgen.v2.zinc_ore was corrected from null to its default, SimpleCommentedConfig:{}. 
[08Nov2025 16:09:11.528] [main/WARN] [net.minecraftforge.common.ForgeConfigSpec/CORE]: Incorrect key worldgen.v2.zinc_ore.clusterSize was corrected from null to its default, 14. 
[08Nov2025 16:09:11.528] [main/WARN] [net.minecraftforge.common.ForgeConfigSpec/CORE]: Incorrect key worldgen.v2.zinc_ore.frequency was corrected from null to its default, 4.0. 
[08Nov2025 16:09:11.528] [main/WARN] [net.minecraftforge.common.ForgeConfigSpec/CORE]: Incorrect key worldgen.v2.zinc_ore.minHeight was corrected from null to its default, 15. 
[08Nov2025 16:09:11.528] [main/WARN] [net.minecraftforge.common.ForgeConfigSpec/CORE]: Incorrect key worldgen.v2.zinc_ore.maxHeight was corrected from null to its default, 70. 
[08Nov2025 16:09:11.529] [main/WARN] [net.minecraftforge.common.ForgeConfigSpec/CORE]: Incorrect key worldgen.v2.limestone was corrected from null to its default, SimpleCommentedConfig:{}. 
[08Nov2025 16:09:11.529] [main/WARN] [net.minecraftforge.common.ForgeConfigSpec/CORE]: Incorrect key worldgen.v2.limestone.clusterSize was corrected from null to its default, 128. 
[08Nov2025 16:09:11.530] [main/WARN] [net.minecraftforge.common.ForgeConfigSpec/CORE]: Incorrect key worldgen.v2.limestone.frequency was corrected from null to its default, 0.015625. 
[08Nov2025 16:09:11.531] [main/WARN] [net.minecraftforge.common.ForgeConfigSpec/CORE]: Incorrect key worldgen.v2.limestone.minHeight was corrected from null to its default, 30. 
[08Nov2025 16:09:11.532] [main/WARN] [net.minecraftforge.common.ForgeConfigSpec/CORE]: Incorrect key worldgen.v2.limestone.maxHeight was corrected from null to its default, 70. 
[08Nov2025 16:09:11.532] [main/WARN] [net.minecraftforge.common.ForgeConfigSpec/CORE]: Incorrect key worldgen.v2.dolomite was corrected from null to its default, SimpleCommentedConfig:{}. 
[08Nov2025 16:09:11.532] [main/WARN] [net.minecraftforge.common.ForgeConfigSpec/CORE]: Incorrect key worldgen.v2.dolomite.clusterSize was corrected from null to its default, 128. 
[08Nov2025 16:09:11.535] [main/WARN] [net.minecraftforge.common.ForgeConfigSpec/CORE]: Incorrect key worldgen.v2.dolomite.frequency was corrected from null to its default, 0.015625. 
[08Nov2025 16:09:11.537] [main/WARN] [net.minecraftforge.common.ForgeConfigSpec/CORE]: Incorrect key worldgen.v2.dolomite.minHeight was corrected from null to its default, 20. 
[08Nov2025 16:09:11.537] [main/WARN] [net.minecraftforge.common.ForgeConfigSpec/CORE]: Incorrect key worldgen.v2.dolomite.maxHeight was corrected from null to its default, 70. 
[08Nov2025 16:09:11.538] [main/WARN] [net.minecraftforge.common.ForgeConfigSpec/CORE]: Incorrect key worldgen.v2.gabbro was corrected from null to its default, SimpleCommentedConfig:{}. 
[08Nov2025 16:09:11.538] [main/WARN] [net.minecraftforge.common.ForgeConfigSpec/CORE]: Incorrect key worldgen.v2.gabbro.clusterSize was corrected from null to its default, 128. 
[08Nov2025 16:09:11.539] [main/WARN] [net.minecraftforge.common.ForgeConfigSpec/CORE]: Incorrect key worldgen.v2.gabbro.frequency was corrected from null to its default, 0.015625. 
[08Nov2025 16:09:11.539] [main/WARN] [net.minecraftforge.common.ForgeConfigSpec/CORE]: Incorrect key worldgen.v2.gabbro.minHeight was corrected from null to its default, 20. 
[08Nov2025 16:09:11.539] [main/WARN] [net.minecraftforge.common.ForgeConfigSpec/CORE]: Incorrect key worldgen.v2.gabbro.maxHeight was corrected from null to its default, 70. 
[08Nov2025 16:09:11.540] [main/WARN] [net.minecraftforge.common.ForgeConfigSpec/CORE]: Incorrect key worldgen.v2.scoria was corrected from null to its default, SimpleCommentedConfig:{}. 
[08Nov2025 16:09:11.540] [main/WARN] [net.minecraftforge.common.ForgeConfigSpec/CORE]: Incorrect key worldgen.v2.scoria.clusterSize was corrected from null to its default, 128. 
[08Nov2025 16:09:11.540] [main/WARN] [net.minecraftforge.common.ForgeConfigSpec/CORE]: Incorrect key worldgen.v2.scoria.frequency was corrected from null to its default, 0.03125. 
[08Nov2025 16:09:11.542] [main/WARN] [net.minecraftforge.common.ForgeConfigSpec/CORE]: Incorrect key worldgen.v2.scoria.minHeight was corrected from null to its default, 0. 
[08Nov2025 16:09:11.543] [main/WARN] [net.minecraftforge.common.ForgeConfigSpec/CORE]: Incorrect key worldgen.v2.scoria.maxHeight was corrected from null to its default, 10. 
[08Nov2025 16:09:11.549] [main/WARN] [net.minecraftforge.common.ForgeConfigSpec/CORE]: Configuration file /workspaces/Try22/servidor_minecraft/config/mutantbeasts-common.toml is not correct. Correcting
[08Nov2025 16:09:11.550] [main/WARN] [net.minecraftforge.common.ForgeConfigSpec/CORE]: Incorrect key common was corrected from null to its default, SimpleCommentedConfig:{}. 
[08Nov2025 16:09:11.550] [main/WARN] [net.minecraftforge.common.ForgeConfigSpec/CORE]: Incorrect key common.mutantCreeperSpawnWeight was corrected from null to its default, 4. 
[08Nov2025 16:09:11.551] [main/WARN] [net.minecraftforge.common.ForgeConfigSpec/CORE]: Incorrect key common.mutantEndermanSpawnWeight was corrected from null to its default, 3. 
[08Nov2025 16:09:11.552] [main/WARN] [net.minecraftforge.common.ForgeConfigSpec/CORE]: Incorrect key common.mutantSkeletonSpawnWeight was corrected from null to its default, 4. 
[08Nov2025 16:09:11.552] [main/WARN] [net.minecraftforge.common.ForgeConfigSpec/CORE]: Incorrect key common.mutantZombieSpawnWeight was corrected from null to its default, 4. 
[08Nov2025 16:09:11.554] [main/WARN] [net.minecraftforge.common.ForgeConfigSpec/CORE]: Incorrect key common.biomeWhitelist was corrected from null to its default, [minecraft]. 
[08Nov2025 16:09:11.563] [main/WARN] [net.minecraftforge.common.ForgeConfigSpec/CORE]: Configuration file /workspaces/Try22/servidor_minecraft/config/enhancedai-common.toml is not correct. Correcting
[08Nov2025 16:09:11.564] [main/WARN] [net.minecraftforge.common.ForgeConfigSpec/CORE]: Incorrect key Enable Base was corrected from null to its default, true. 
[08Nov2025 16:09:11.566] [main/WARN] [net.minecraftforge.common.ForgeConfigSpec/CORE]: Incorrect key Base was corrected from null to its default, SimpleCommentedConfig:{}. 
[08Nov2025 16:09:11.566] [main/WARN] [net.minecraftforge.common.ForgeConfigSpec/CORE]: Incorrect key Base.Base was corrected from null to its default, SimpleCommentedConfig:{}. 
[08Nov2025 16:09:11.566] [main/WARN] [net.minecraftforge.common.ForgeConfigSpec/CORE]: Incorrect key Base.Base.Monsters Despawning Distance was corrected from null to its default, 80. 
[08Nov2025 16:09:11.567] [main/WARN] [net.minecraftforge.common.ForgeConfigSpec/CORE]: Incorrect key Base.Base.Min Monsters Despawning Distance was corrected from null to its default, 48. 
[08Nov2025 16:09:11.568] [main/WARN] [net.minecraftforge.common.ForgeConfigSpec/CORE]: Incorrect key Base.Enable Targeting was corrected from null to its default, true. 
[08Nov2025 16:09:11.568] [main/WARN] [net.minecraftforge.common.ForgeConfigSpec/CORE]: Incorrect key Base.Targeting was corrected from null to its default, SimpleCommentedConfig:{}. 
[08Nov2025 16:09:11.570] [main/WARN] [net.minecraftforge.common.ForgeConfigSpec/CORE]: Incorrect key Base.Targeting.Follow Range Override was corrected from null to its default, 64. 
[08Nov2025 16:09:11.570] [main/WARN] [net.minecraftforge.common.ForgeConfigSpec/CORE]: Incorrect key Base.Targeting.XRay Chance was corrected from null to its default, 0.2. 
[08Nov2025 16:09:11.572] [main/WARN] [net.minecraftforge.common.ForgeConfigSpec/CORE]: Incorrect key Base.Targeting.Instant Target was corrected from null to its default, true. 
[08Nov2025 16:09:11.573] [main/WARN] [net.minecraftforge.common.ForgeConfigSpec/CORE]: Incorrect key Base.Targeting.Entity Blacklist was corrected from null to its default, SimpleCommentedConfig:{}. 
[08Nov2025 16:09:11.574] [main/WARN] [net.minecraftforge.common.ForgeConfigSpec/CORE]: Incorrect key Base.Targeting.Entity Blacklist.Blacklist was corrected from null to its default, [minecraft:enderman]. 
[08Nov2025 16:09:11.575] [main/WARN] [net.minecraftforge.common.ForgeConfigSpec/CORE]: Incorrect key Base.Targeting.Entity Blacklist.List as Whitelist was corrected from null to its default, false. 
[08Nov2025 16:09:11.576] [main/WARN] [net.minecraftforge.common.ForgeConfigSpec/CORE]: Incorrect key Base.Enable Avoid Explosions was corrected from null to its default, true. 
[08Nov2025 16:09:11.577] [main/WARN] [net.minecraftforge.common.ForgeConfigSpec/CORE]: Incorrect key Enable Creeper was corrected from null to its default, true. 
[08Nov2025 16:09:11.579] [main/WARN] [net.minecraftforge.common.ForgeConfigSpec/CORE]: Incorrect key Creeper was corrected from null to its default, SimpleCommentedConfig:{}. 
[08Nov2025 16:09:11.580] [main/WARN] [net.minecraftforge.common.ForgeConfigSpec/CORE]: Incorrect key Creeper.Enable Creeper Swell was corrected from null to its default, true. 
[08Nov2025 16:09:11.580] [main/WARN] [net.minecraftforge.common.ForgeConfigSpec/CORE]: Incorrect key Creeper.Creeper Swell was corrected from null to its default, SimpleCommentedConfig:{}. 
[08Nov2025 16:09:11.582] [main/WARN] [net.minecraftforge.common.ForgeConfigSpec/CORE]: Incorrect key Creeper.Creeper Swell.Cena Chance was corrected from null to its default, 0.02. 
[08Nov2025 16:09:11.583] [main/WARN] [net.minecraftforge.common.ForgeConfigSpec/CORE]: Incorrect key Creeper.Creeper Swell.Walking Fuse Chance was corrected from null to its default, 0.1. 
[08Nov2025 16:09:11.583] [main/WARN] [net.minecraftforge.common.ForgeConfigSpec/CORE]: Incorrect key Creeper.Creeper Swell.Ignore Walls Chance was corrected from null to its default, 0.1. 
[08Nov2025 16:09:11.584] [main/WARN] [net.minecraftforge.common.ForgeConfigSpec/CORE]: Incorrect key Creeper.Creeper Swell.Breach Chance was corrected from null to its default, 0.075. 
[08Nov2025 16:09:11.585] [main/WARN] [net.minecraftforge.common.ForgeConfigSpec/CORE]: Incorrect key Creeper.Creeper Swell.Launch Chance was corrected from null to its default, 0.05. 
[08Nov2025 16:09:11.585] [main/WARN] [net.minecraftforge.common.ForgeConfigSpec/CORE]: Incorrect key Creeper.Creeper Swell.TNT Like was corrected from null to its default, false. 
[08Nov2025 16:09:11.592] [main/WARN] [net.minecraftforge.common.ForgeConfigSpec/CORE]: Incorrect key Enable Skeleton was corrected from null to its default, true. 
[08Nov2025 16:09:11.597] [main/WARN] [net.minecraftforge.common.ForgeConfigSpec/CORE]: Incorrect key Skeleton was corrected from null to its default, SimpleCommentedConfig:{}. 
[08Nov2025 16:09:11.597] [main/WARN] [net.minecraftforge.common.ForgeConfigSpec/CORE]: Incorrect key Skeleton.Enable Skeleton Shoot was corrected from null to its default, true. 
[08Nov2025 16:09:11.598] [main/WARN] [net.minecraftforge.common.ForgeConfigSpec/CORE]: Incorrect key Skeleton.Skeleton Shoot was corrected from null to its default, SimpleCommentedConfig:{}. 
[08Nov2025 16:09:11.598] [main/WARN] [net.minecraftforge.common.ForgeConfigSpec/CORE]: Incorrect key Skeleton.Skeleton Shoot.Min Shooting Range was corrected from null to its default, 24. 
[08Nov2025 16:09:11.600] [main/WARN] [net.minecraftforge.common.ForgeConfigSpec/CORE]: Incorrect key Skeleton.Skeleton Shoot.Max Shooting Range was corrected from null to its default, 48. 
[08Nov2025 16:09:11.601] [main/WARN] [net.minecraftforge.common.ForgeConfigSpec/CORE]: Incorrect key Skeleton.Skeleton Shoot.Strafe chance was corrected from null to its default, 0.333. 
[08Nov2025 16:09:11.602] [main/WARN] [net.minecraftforge.common.ForgeConfigSpec/CORE]: Incorrect key Skeleton.Skeleton Shoot.Arrow Inaccuracy was corrected from null to its default, 2.0. 
[08Nov2025 16:09:11.603] [main/WARN] [net.minecraftforge.common.ForgeConfigSpec/CORE]: Incorrect key Skeleton.Skeleton Shoot.Entity Blacklist was corrected from null to its default, SimpleCommentedConfig:{}. 
[08Nov2025 16:09:11.605] [main/WARN] [net.minecraftforge.common.ForgeConfigSpec/CORE]: Incorrect key Skeleton.Skeleton Shoot.Entity Blacklist.Blacklist was corrected from null to its default, [quark:forgotten]. 
[08Nov2025 16:09:11.606] [main/WARN] [net.minecraftforge.common.ForgeConfigSpec/CORE]: Incorrect key Skeleton.Skeleton Shoot.Entity Blacklist.List as Whitelist was corrected from null to its default, false. 
[08Nov2025 16:09:11.607] [main/WARN] [net.minecraftforge.common.ForgeConfigSpec/CORE]: Incorrect key Skeleton.Skeleton Shoot.Flee from Target was corrected from null to its default, SimpleCommentedConfig:{}. 
[08Nov2025 16:09:11.609] [main/WARN] [net.minecraftforge.common.ForgeConfigSpec/CORE]: Incorrect key Skeleton.Skeleton Shoot.Flee from Target.Avoid Player chance was corrected from null to its default, 0.5. 
[08Nov2025 16:09:11.609] [main/WARN] [net.minecraftforge.common.ForgeConfigSpec/CORE]: Incorrect key Skeleton.Skeleton Shoot.Flee from Target.Attack When Avoiding Chance was corrected from null to its default, 0.5. 
[08Nov2025 16:09:11.610] [main/WARN] [net.minecraftforge.common.ForgeConfigSpec/CORE]: Incorrect key Skeleton.Skeleton Shoot.Flee from Target.Flee speed Multiplier Near was corrected from null to its default, 1.6. 
[08Nov2025 16:09:11.611] [main/WARN] [net.minecraftforge.common.ForgeConfigSpec/CORE]: Incorrect key Skeleton.Skeleton Shoot.Flee from Target.Flee speed Multiplier Far was corrected from null to its default, 1.3. 
[08Nov2025 16:09:11.613] [main/WARN] [net.minecraftforge.common.ForgeConfigSpec/CORE]: Incorrect key Enable Zombie was corrected from null to its default, true. 
[08Nov2025 16:09:11.618] [main/WARN] [net.minecraftforge.common.ForgeConfigSpec/CORE]: Incorrect key Zombie was corrected from null to its default, SimpleCommentedConfig:{}. 
[08Nov2025 16:09:11.618] [main/WARN] [net.minecraftforge.common.ForgeConfigSpec/CORE]: Incorrect key Zombie.Enable Digger Zombie was corrected from null to its default, true. 
[08Nov2025 16:09:11.618] [main/WARN] [net.minecraftforge.common.ForgeConfigSpec/CORE]: Incorrect key Zombie.Digger Zombie was corrected from null to its default, SimpleCommentedConfig:{}. 
[08Nov2025 16:09:11.618] [main/WARN] [net.minecraftforge.common.ForgeConfigSpec/CORE]: Incorrect key Zombie.Digger Zombie.Digger Chance was corrected from null to its default, 0.05. 
[08Nov2025 16:09:11.619] [main/WARN] [net.minecraftforge.common.ForgeConfigSpec/CORE]: Incorrect key Zombie.Digger Zombie.Digger Tool Only was corrected from null to its default, false. 
[08Nov2025 16:09:11.621] [main/WARN] [net.minecraftforge.common.ForgeConfigSpec/CORE]: Incorrect key Zombie.Digger Zombie.Digger Proper Tool Only was corrected from null to its default, false. 
[08Nov2025 16:09:11.621] [main/WARN] [net.minecraftforge.common.ForgeConfigSpec/CORE]: Incorrect key Zombie.Digger Zombie.Digger Speed Multiplier was corrected from null to its default, 1.0. 
[08Nov2025 16:09:11.621] [main/WARN] [net.minecraftforge.common.ForgeConfigSpec/CORE]: Incorrect key Zombie.Digger Zombie.Blacklist Tile Entities was corrected from null to its default, false. 
[08Nov2025 16:09:11.622] [main/WARN] [net.minecraftforge.common.ForgeConfigSpec/CORE]: Incorrect key Zombie.Digger Zombie.Block Blacklist was corrected from null to its default, SimpleCommentedConfig:{}. 
[08Nov2025 16:09:11.622] [main/WARN] [net.minecraftforge.common.ForgeConfigSpec/CORE]: Incorrect key Zombie.Digger Zombie.Block Blacklist.Blacklist was corrected from null to its default, []. 
[08Nov2025 16:09:11.623] [main/WARN] [net.minecraftforge.common.ForgeConfigSpec/CORE]: Incorrect key Zombie.Digger Zombie.Block Blacklist.List as Whitelist was corrected from null to its default, false. 
[08Nov2025 16:09:11.623] [main/WARN] [net.minecraftforge.common.ForgeConfigSpec/CORE]: Incorrect key Zombie.Digger Zombie.Entity Blacklist was corrected from null to its default, SimpleCommentedConfig:{}. 
[08Nov2025 16:09:11.624] [main/WARN] [net.minecraftforge.common.ForgeConfigSpec/CORE]: Incorrect key Zombie.Digger Zombie.Entity Blacklist.Blacklist was corrected from null to its default, []. 
[08Nov2025 16:09:11.626] [main/WARN] [net.minecraftforge.common.ForgeConfigSpec/CORE]: Incorrect key Zombie.Digger Zombie.Entity Blacklist.List as Whitelist was corrected from null to its default, false. 
[08Nov2025 16:09:11.629] [main/WARN] [net.minecraftforge.common.ForgeConfigSpec/CORE]: Incorrect key Zombie.Enable Pearler Zombie was corrected from null to its default, true. 
[08Nov2025 16:09:11.629] [main/WARN] [net.minecraftforge.common.ForgeConfigSpec/CORE]: Incorrect key Zombie.Pearler Zombie was corrected from null to its default, SimpleCommentedConfig:{}. 
[08Nov2025 16:09:11.630] [main/WARN] [net.minecraftforge.common.ForgeConfigSpec/CORE]: Incorrect key Zombie.Pearler Zombie.Equip Ender Pearl Chance was corrected from null to its default, 0.04. 
[08Nov2025 16:09:11.631] [main/WARN] [net.minecraftforge.common.ForgeConfigSpec/CORE]: Incorrect key Zombie.Pearler Zombie.Ender Pearl Amount was corrected from null to its default, 2. 
[08Nov2025 16:09:11.631] [main/WARN] [net.minecraftforge.common.ForgeConfigSpec/CORE]: Incorrect key Zombie.Pearler Zombie.Entity Blacklist was corrected from null to its default, SimpleCommentedConfig:{}. 
[08Nov2025 16:09:11.631] [main/WARN] [net.minecraftforge.common.ForgeConfigSpec/CORE]: Incorrect key Zombie.Pearler Zombie.Entity Blacklist.Blacklist was corrected from null to its default, []. 
[08Nov2025 16:09:11.633] [main/WARN] [net.minecraftforge.common.ForgeConfigSpec/CORE]: Incorrect key Zombie.Pearler Zombie.Entity Blacklist.List as Whitelist was corrected from null to its default, false. 
[08Nov2025 16:09:11.635] [main/WARN] [net.minecraftforge.common.ForgeConfigSpec/CORE]: Incorrect key Enable Spider was corrected from null to its default, true. 
[08Nov2025 16:09:11.639] [main/WARN] [net.minecraftforge.common.ForgeConfigSpec/CORE]: Incorrect key Spider was corrected from null to its default, SimpleCommentedConfig:{}. 
[08Nov2025 16:09:11.639] [main/WARN] [net.minecraftforge.common.ForgeConfigSpec/CORE]: Incorrect key Spider.Enable Throwing Web was corrected from null to its default, true. 
[08Nov2025 16:09:11.640] [main/WARN] [net.minecraftforge.common.ForgeConfigSpec/CORE]: Incorrect key Spider.Throwing Web was corrected from null to its default, SimpleCommentedConfig:{}. 
[08Nov2025 16:09:11.640] [main/WARN] [net.minecraftforge.common.ForgeConfigSpec/CORE]: Incorrect key Spider.Throwing Web.Web Throw Chance was corrected from null to its default, 5.0. 
[08Nov2025 16:09:11.641] [main/WARN] [net.minecraftforge.common.ForgeConfigSpec/CORE]: Incorrect key Spider.Throwing Web.Destroy Web After was corrected from null to its default, 100. 
[08Nov2025 16:09:11.642] [main/WARN] [net.minecraftforge.common.ForgeConfigSpec/CORE]: Incorrect key Spider.Throwing Web.Projectile cooldown was corrected from null to its default, 50. 
[08Nov2025 16:09:11.642] [main/WARN] [net.minecraftforge.common.ForgeConfigSpec/CORE]: Incorrect key Spider.Throwing Web.Min Distance was corrected from null to its default, 2.5. 
[08Nov2025 16:09:11.643] [main/WARN] [net.minecraftforge.common.ForgeConfigSpec/CORE]: Incorrect key Spider.Throwing Web.Max Distance was corrected from null to its default, 64.0. 
[08Nov2025 16:09:11.644] [main/WARN] [net.minecraftforge.common.ForgeConfigSpec/CORE]: Incorrect key Spider.Throwing Web.Slowness was corrected from null to its default, SimpleCommentedConfig:{}. 
[08Nov2025 16:09:11.644] [main/WARN] [net.minecraftforge.common.ForgeConfigSpec/CORE]: Incorrect key Spider.Throwing Web.Slowness.Slowness Tick was corrected from null to its default, 120. 
[08Nov2025 16:09:11.644] [main/WARN] [net.minecraftforge.common.ForgeConfigSpec/CORE]: Incorrect key Spider.Throwing Web.Slowness.Slowness Amplifier was corrected from null to its default, 2. 
[08Nov2025 16:09:11.645] [main/WARN] [net.minecraftforge.common.ForgeConfigSpec/CORE]: Incorrect key Spider.Throwing Web.Slowness.Stack Slowness Amplifier was corrected from null to its default, true. 
[08Nov2025 16:09:11.646] [main/WARN] [net.minecraftforge.common.ForgeConfigSpec/CORE]: Incorrect key Spider.Throwing Web.Slowness.Max Slowness Amplifier was corrected from null to its default, 6. 
[08Nov2025 16:09:11.647] [main/WARN] [net.minecraftforge.common.ForgeConfigSpec/CORE]: Incorrect key Spider.Throwing Web.Entity Blacklist was corrected from null to its default, SimpleCommentedConfig:{}. 
[08Nov2025 16:09:11.647] [main/WARN] [net.minecraftforge.common.ForgeConfigSpec/CORE]: Incorrect key Spider.Throwing Web.Entity Blacklist.Blacklist was corrected from null to its default, []. 
[08Nov2025 16:09:11.647] [main/WARN] [net.minecraftforge.common.ForgeConfigSpec/CORE]: Incorrect key Spider.Throwing Web.Entity Blacklist.List as Whitelist was corrected from null to its default, false. 
[08Nov2025 16:09:11.648] [main/WARN] [net.minecraftforge.common.ForgeConfigSpec/CORE]: Incorrect key Spider.Enable Miscellaneous was corrected from null to its default, true. 
[08Nov2025 16:09:11.649] [main/WARN] [net.minecraftforge.common.ForgeConfigSpec/CORE]: Incorrect key Spider.Miscellaneous was corrected from null to its default, SimpleCommentedConfig:{}. 
[08Nov2025 16:09:11.649] [main/WARN] [net.minecraftforge.common.ForgeConfigSpec/CORE]: Incorrect key Spider.Miscellaneous.Fall Damage Reduction was corrected from null to its default, 0.9. 
[08Nov2025 16:09:11.650] [main/WARN] [net.minecraftforge.common.ForgeConfigSpec/CORE]: Incorrect key Spider.Miscellaneous.Entity Blacklist was corrected from null to its default, SimpleCommentedConfig:{}. 
[08Nov2025 16:09:11.650] [main/WARN] [net.minecraftforge.common.ForgeConfigSpec/CORE]: Incorrect key Spider.Miscellaneous.Entity Blacklist.Blacklist was corrected from null to its default, []. 
[08Nov2025 16:09:11.651] [main/WARN] [net.minecraftforge.common.ForgeConfigSpec/CORE]: Incorrect key Spider.Miscellaneous.Entity Blacklist.List as Whitelist was corrected from null to its default, false. 
[08Nov2025 16:09:11.656] [main/WARN] [insane96mcp.insanelib.InsaneLib/]: quark:forgotten id seems to not exist
[08Nov2025 16:09:11.670] [modloading-worker-0/INFO] [voicechat/]: [voicechat] Compatibility version 20
[08Nov2025 16:09:11.693] [modloading-worker-1/INFO] [com.connectivity.Connectivity/]: Connectivity initialized
[08Nov2025 16:09:11.839] [modloading-worker-0/INFO] [voicechat/]: [voicechat] Loading plugins
[08Nov2025 16:09:11.864] [modloading-worker-0/INFO] [voicechat/]: [voicechat] Loaded 0 plugin(s)
[08Nov2025 16:09:11.866] [modloading-worker-0/INFO] [voicechat/]: [voicechat] Initializing plugins
[08Nov2025 16:09:11.867] [modloading-worker-0/INFO] [voicechat/]: [voicechat] Initialized 0 plugin(s)
[08Nov2025 16:09:12.408] [modloading-worker-1/INFO] [AE2:C/]: Post Initialization ( started )
[08Nov2025 16:09:12.430] [modloading-worker-1/INFO] [AE2:C/]: Post Initialization ( ended after 29ms )
[08Nov2025 16:09:12.831] [Forge Version Check/INFO] [net.minecraftforge.fml.VersionChecker/]: [mcwbridges] Starting version check at https://raw.githubusercontent.com/sketchmacaw/macawsmods/master/bridges.json
[08Nov2025 16:09:12.849] [Forge Version Check/INFO] [net.minecraftforge.fml.VersionChecker/]: [mcwbridges] Found status: UP_TO_DATE Current: 3.1.0 Target: null
[08Nov2025 16:09:12.850] [Forge Version Check/INFO] [net.minecraftforge.fml.VersionChecker/]: [voicechat] Starting version check at https://update.maxhenkel.de/forge/voicechat
[08Nov2025 16:09:12.931] [main/WARN] [net.minecraftforge.common.ForgeHooks/]: Called deprecated GlobalEntityTypeAttributes#put for mutantbeasts:creeper_minion, use EntityAttributeCreationEvent instead.
[08Nov2025 16:09:12.931] [main/WARN] [net.minecraftforge.common.ForgeHooks/]: Called deprecated GlobalEntityTypeAttributes#put for mutantbeasts:endersoul_clone, use EntityAttributeCreationEvent instead.
[08Nov2025 16:09:12.931] [main/WARN] [net.minecraftforge.common.ForgeHooks/]: Called deprecated GlobalEntityTypeAttributes#put for mutantbeasts:mutant_creeper, use EntityAttributeCreationEvent instead.
[08Nov2025 16:09:12.931] [main/WARN] [net.minecraftforge.common.ForgeHooks/]: Called deprecated GlobalEntityTypeAttributes#put for mutantbeasts:mutant_enderman, use EntityAttributeCreationEvent instead.
[08Nov2025 16:09:12.932] [main/WARN] [net.minecraftforge.common.ForgeHooks/]: Called deprecated GlobalEntityTypeAttributes#put for mutantbeasts:mutant_skeleton, use EntityAttributeCreationEvent instead.
[08Nov2025 16:09:12.932] [main/WARN] [net.minecraftforge.common.ForgeHooks/]: Called deprecated GlobalEntityTypeAttributes#put for mutantbeasts:mutant_snow_golem, use EntityAttributeCreationEvent instead.
[08Nov2025 16:09:12.932] [main/WARN] [net.minecraftforge.common.ForgeHooks/]: Called deprecated GlobalEntityTypeAttributes#put for mutantbeasts:mutant_zombie, use EntityAttributeCreationEvent instead.
[08Nov2025 16:09:12.932] [main/WARN] [net.minecraftforge.common.ForgeHooks/]: Called deprecated GlobalEntityTypeAttributes#put for mutantbeasts:spider_pig, use EntityAttributeCreationEvent instead.
[08Nov2025 16:09:13.407] [Forge Version Check/WARN] [net.minecraftforge.fml.VersionChecker/]: Failed to process update information
java.lang.NullPointerException: null
	at net.minecraftforge.fml.VersionChecker$1.openUrlString(VersionChecker.java:160) ~[forge:?]
	at net.minecraftforge.fml.VersionChecker$1.process(VersionChecker.java:187) ~[forge:?]
	at java.lang.Iterable.forEach(Iterable.java:75) [?:?]
	at net.minecraftforge.fml.VersionChecker$1.run(VersionChecker.java:128) [forge:?]
[08Nov2025 16:09:13.410] [Forge Version Check/INFO] [net.minecraftforge.fml.VersionChecker/]: [cgm] Starting version check at https://raw.githubusercontent.com/MrCrayfish/ModUpdates/master/cgm/update.json
[08Nov2025 16:09:13.412] [modloading-worker-0/INFO] [Waila/]: Registered plugin at net.geforcemods.securitycraft.compat.hudmods.JadeDataProvider
[08Nov2025 16:09:13.419] [modloading-worker-0/INFO] [Waila/]: Registered plugin at mcp.mobius.waila.addons.minecraft.PluginMinecraft
[08Nov2025 16:09:13.421] [Forge Version Check/INFO] [net.minecraftforge.fml.VersionChecker/]: [cgm] Found status: BETA Current: 1.2.6 Target: null
[08Nov2025 16:09:13.421] [Forge Version Check/INFO] [net.minecraftforge.fml.VersionChecker/]: [mcwtrpdoors] Starting version check at https://raw.githubusercontent.com/sketchmacaw/macawsmods/master/trapdoors.json
[08Nov2025 16:09:13.422] [modloading-worker-0/INFO] [Waila/]: Registered plugin at de.maxhenkel.corpse.integration.waila.PluginCorpse
[08Nov2025 16:09:13.432] [Forge Version Check/INFO] [net.minecraftforge.fml.VersionChecker/]: [mcwtrpdoors] Found status: UP_TO_DATE Current: 1.1.4 Target: null
[08Nov2025 16:09:13.432] [Forge Version Check/INFO] [net.minecraftforge.fml.VersionChecker/]: [mcwfences] Starting version check at https://raw.githubusercontent.com/sketchmacaw/macawsmods/master/fences.json
[08Nov2025 16:09:13.443] [Forge Version Check/INFO] [net.minecraftforge.fml.VersionChecker/]: [mcwfences] Found status: UP_TO_DATE Current: 1.2.0 Target: null
[08Nov2025 16:09:13.443] [Forge Version Check/INFO] [net.minecraftforge.fml.VersionChecker/]: [mcwwindows] Starting version check at https://raw.githubusercontent.com/sketchmacaw/macawsmods/master/window.json
[08Nov2025 16:09:13.454] [Forge Version Check/INFO] [net.minecraftforge.fml.VersionChecker/]: [mcwwindows] Found status: UP_TO_DATE Current: 2.4.0 Target: null
[08Nov2025 16:09:13.455] [Forge Version Check/INFO] [net.minecraftforge.fml.VersionChecker/]: [securitycraft] Starting version check at https://www.github.com/Geforce132/SecurityCraft/raw/master/Updates/Forge.json
[08Nov2025 16:09:13.705] [Forge Version Check/INFO] [net.minecraftforge.fml.VersionChecker/]: [securitycraft] Found status: UP_TO_DATE Current: v1.10.1 Target: null
[08Nov2025 16:09:13.708] [Forge Version Check/INFO] [net.minecraftforge.fml.VersionChecker/]: [mcwstairs] Starting version check at https://raw.githubusercontent.com/sketchmacaw/macawsmods/master/stairs.json
[08Nov2025 16:09:13.723] [Forge Version Check/INFO] [net.minecraftforge.fml.VersionChecker/]: [mcwstairs] Found status: UP_TO_DATE Current: 1.0.1 Target: null
[08Nov2025 16:09:13.724] [Forge Version Check/INFO] [net.minecraftforge.fml.VersionChecker/]: [obfuscate] Starting version check at https://mrcrayfish.com/modupdatejson?id=obfuscate
[08Nov2025 16:09:13.869] [Forge Version Check/WARN] [net.minecraftforge.fml.VersionChecker/]: Failed to process update information
java.io.IOException: Server returned HTTP response code: 403 for URL: https://mrcrayfish.com/modupdatejson?id=obfuscate
	at jdk.internal.reflect.NativeConstructorAccessorImpl.newInstance0(Native Method) ~[?:?]
	at jdk.internal.reflect.NativeConstructorAccessorImpl.newInstance(NativeConstructorAccessorImpl.java:62) ~[?:?]
	at jdk.internal.reflect.DelegatingConstructorAccessorImpl.newInstance(DelegatingConstructorAccessorImpl.java:45) ~[?:?]
	at java.lang.reflect.Constructor.newInstance(Constructor.java:490) ~[?:?]
	at sun.net.www.protocol.http.HttpURLConnection$10.run(HttpURLConnection.java:2019) ~[?:?]
	at sun.net.www.protocol.http.HttpURLConnection$10.run(HttpURLConnection.java:2014) ~[?:?]
	at java.security.AccessController.doPrivileged(Native Method) ~[?:?]
	at sun.net.www.protocol.http.HttpURLConnection.getChainedException(HttpURLConnection.java:2013) ~[?:?]
	at sun.net.www.protocol.http.HttpURLConnection.getInputStream0(HttpURLConnection.java:1575) ~[?:?]
	at sun.net.www.protocol.http.HttpURLConnection.getInputStream(HttpURLConnection.java:1559) ~[?:?]
	at sun.net.www.protocol.https.HttpsURLConnectionImpl.getInputStream(HttpsURLConnectionImpl.java:250) ~[?:?]
	at net.minecraftforge.fml.VersionChecker$1.openUrlString(VersionChecker.java:163) ~[forge:?]
	at net.minecraftforge.fml.VersionChecker$1.process(VersionChecker.java:187) ~[forge:?]
	at java.lang.Iterable.forEach(Iterable.java:75) [?:?]
	at net.minecraftforge.fml.VersionChecker$1.run(VersionChecker.java:128) [forge:?]
Caused by: java.io.IOException: Server returned HTTP response code: 403 for URL: https://mrcrayfish.com/modupdatejson?id=obfuscate
	at sun.net.www.protocol.http.HttpURLConnection.getInputStream0(HttpURLConnection.java:1963) ~[?:?]
	at sun.net.www.protocol.http.HttpURLConnection.getInputStream(HttpURLConnection.java:1559) ~[?:?]
	at java.net.HttpURLConnection.getResponseCode(HttpURLConnection.java:527) ~[?:?]
	at sun.net.www.protocol.https.HttpsURLConnectionImpl.getResponseCode(HttpsURLConnectionImpl.java:334) ~[?:?]
	at net.minecraftforge.fml.VersionChecker$1.openUrlString(VersionChecker.java:145) ~[forge:?]
	... 3 more
[08Nov2025 16:09:13.874] [Forge Version Check/INFO] [net.minecraftforge.fml.VersionChecker/]: [vehicle] Starting version check at https://raw.githubusercontent.com/MrCrayfish/ModUpdates/master/vehicle/update.json
[08Nov2025 16:09:13.893] [Forge Version Check/INFO] [net.minecraftforge.fml.VersionChecker/]: [vehicle] Found status: BETA Current: 0.45.2 Target: null
[08Nov2025 16:09:13.893] [Forge Version Check/INFO] [net.minecraftforge.fml.VersionChecker/]: [mcwroofs] Starting version check at https://raw.githubusercontent.com/sketchmacaw/macawsmods/master/roofs.json
[08Nov2025 16:09:13.904] [Forge Version Check/INFO] [net.minecraftforge.fml.VersionChecker/]: [mcwroofs] Found status: UP_TO_DATE Current: 2.3.2 Target: null
[08Nov2025 16:09:13.905] [Forge Version Check/INFO] [net.minecraftforge.fml.VersionChecker/]: [mcwdoors] Starting version check at https://raw.githubusercontent.com/sketchmacaw/macawsmods/master/doors.json
[08Nov2025 16:09:13.916] [Forge Version Check/INFO] [net.minecraftforge.fml.VersionChecker/]: [mcwdoors] Found status: UP_TO_DATE Current: 1.1.2 Target: null
[08Nov2025 16:09:13.919] [Forge Version Check/INFO] [net.minecraftforge.fml.VersionChecker/]: [mcwfurnitures] Starting version check at https://raw.githubusercontent.com/sketchmacaw/macawsmods/master/furniture.json
[08Nov2025 16:09:13.930] [Forge Version Check/INFO] [net.minecraftforge.fml.VersionChecker/]: [mcwfurnitures] Found status: OUTDATED Current: 3.3.0 Target: 3.4.0
[08Nov2025 16:09:13.932] [Forge Version Check/INFO] [net.minecraftforge.fml.VersionChecker/]: [forge] Starting version check at https://files.minecraftforge.net/net/minecraftforge/forge/promotions_slim.json
[08Nov2025 16:09:14.091] [Forge Version Check/INFO] [net.minecraftforge.fml.VersionChecker/]: [forge] Found status: AHEAD Current: 36.2.42 Target: null
[08Nov2025 16:09:14.093] [Forge Version Check/INFO] [net.minecraftforge.fml.VersionChecker/]: [mcwpaths] Starting version check at https://raw.githubusercontent.com/sketchmacaw/macawsmods/master/paths.json
[08Nov2025 16:09:14.103] [Forge Version Check/INFO] [net.minecraftforge.fml.VersionChecker/]: [mcwpaths] Found status: UP_TO_DATE Current: 1.1.1 Target: null
[08Nov2025 16:09:14.103] [Forge Version Check/INFO] [net.minecraftforge.fml.VersionChecker/]: [corpse] Starting version check at https://maxhenkel.de/update/corpse.json
[08Nov2025 16:09:14.837] [main/INFO] [com.mojang.authlib.yggdrasil.YggdrasilAuthenticationService/]: Environment: authHost='https://authserver.mojang.com', accountsHost='https://api.mojang.com', sessionHost='https://sessionserver.mojang.com', servicesHost='https://api.minecraftservices.com', name='PROD'
[08Nov2025 16:09:14.970] [Forge Version Check/WARN] [net.minecraftforge.fml.VersionChecker/]: Failed to process update information
java.lang.NullPointerException: null
	at net.minecraftforge.fml.VersionChecker$1.openUrlString(VersionChecker.java:160) ~[forge:?]
	at net.minecraftforge.fml.VersionChecker$1.process(VersionChecker.java:187) ~[forge:?]
	at java.lang.Iterable.forEach(Iterable.java:75) [?:?]
	at net.minecraftforge.fml.VersionChecker$1.run(VersionChecker.java:128) [forge:?]
[08Nov2025 16:09:14.972] [Forge Version Check/INFO] [net.minecraftforge.fml.VersionChecker/]: [mcwlights] Starting version check at https://raw.githubusercontent.com/sketchmacaw/macawsmods/master/lights.json
[08Nov2025 16:09:14.984] [Forge Version Check/INFO] [net.minecraftforge.fml.VersionChecker/]: [mcwlights] Found status: UP_TO_DATE Current: 1.1.2 Target: null
[08Nov2025 16:09:14.989] [main/INFO] [ModernFix/]: Bypassed Mojang DFU
[08Nov2025 16:09:16.336] [main/WARN] [net.minecraft.command.Commands/]: Ambiguity between arguments [c, coupling, add, cart1] and [c, coupling, add, carts] with inputs: [Player, 0123, @e, dd12be42-52a9-4a91-a8a1-11c01849e498]
[08Nov2025 16:09:16.343] [main/WARN] [net.minecraft.command.Commands/]: Ambiguity between arguments [c, coupling, add, carts] and [c, coupling, add, cart1] with inputs: [Player, 0123, dd12be42-52a9-4a91-a8a1-11c01849e498]
[08Nov2025 16:09:16.351] [main/WARN] [net.minecraft.command.Commands/]: Ambiguity between arguments [c, coupling, add, cart1] and [c, coupling, add, carts] with inputs: [Player, 0123, @e, dd12be42-52a9-4a91-a8a1-11c01849e498]
[08Nov2025 16:09:16.352] [main/WARN] [net.minecraft.command.Commands/]: Ambiguity between arguments [c, coupling, add, carts] and [c, coupling, add, cart1] with inputs: [Player, 0123, dd12be42-52a9-4a91-a8a1-11c01849e498]
[08Nov2025 16:09:16.360] [main/WARN] [net.minecraft.command.Commands/]: Ambiguity between arguments [deathhistory, player] and [deathhistory, player_uuid] with inputs: [dd12be42-52a9-4a91-a8a1-11c01849e498]
[08Nov2025 16:09:16.376] [main/WARN] [net.minecraft.command.Commands/]: Ambiguity between arguments [teleport, destination] and [teleport, targets] with inputs: [Player, 0123, @e, dd12be42-52a9-4a91-a8a1-11c01849e498]
[08Nov2025 16:09:16.380] [main/WARN] [net.minecraft.command.Commands/]: Ambiguity between arguments [teleport, location] and [teleport, destination] with inputs: [0.1 -0.5 .9, 0 0 0]
[08Nov2025 16:09:16.386] [main/WARN] [net.minecraft.command.Commands/]: Ambiguity between arguments [teleport, location] and [teleport, targets] with inputs: [0.1 -0.5 .9, 0 0 0]
[08Nov2025 16:09:16.389] [main/WARN] [net.minecraft.command.Commands/]: Ambiguity between arguments [teleport, targets] and [teleport, destination] with inputs: [Player, 0123, dd12be42-52a9-4a91-a8a1-11c01849e498]
[08Nov2025 16:09:16.390] [main/WARN] [net.minecraft.command.Commands/]: Ambiguity between arguments [teleport, targets, location] and [teleport, targets, destination] with inputs: [0.1 -0.5 .9, 0 0 0]
[08Nov2025 16:09:16.397] [main/WARN] [net.minecraft.command.Commands/]: Ambiguity between arguments [voicechat, join, group_id] and [voicechat, join, group_name] with inputs: [dd12be42-52a9-4a91-a8a1-11c01849e498]
[08Nov2025 16:09:16.426] [main/INFO] [net.minecraft.resources.SimpleReloadableResourceManager/]: Reloading ResourceManager: Default, mcw-bridges-3.1.0-mc1.16.5forge.jar, voicechat-forge-1.16.5-2.6.6.jar, libIPN-forge-1.16-3.0.2.jar, BetterCompatibilityChecker-1.0.7-build.22+mc1.16.5.jar, cgm-1.2.6-1.16.5.jar, BiomesOPlenty-1.16.5-13.1.0.488-universal.jar, mcw-trapdoors-1.1.4-mc1.16.5forge.jar, mcw-fences-1.2.0-1.16.5forge.jar, born_in_chaos_1.16_1.3.jar, connectivity-2.3-1.16.5.jar, mcw-windows-2.4.0-1.16.5forge.jar, caelus-forge-1.16.5-2.1.3.2.jar, InsaneLib-1.4.2-mc1.16.5.jar, flywheel-1.16-0.2.5.jar, curios-forge-1.16.5-4.1.0.0.jar, create-mc1.16.5_v0.3.2g.jar, mimic-1.0.27.jar, modernfix-forge-5.18.0+mc1.16.5.jar, jei-1.16.5-7.8.0.1013.jar, citadel-1.8.1-1.16.5.jar, alexsmobs-1.12.1.jar, appliedenergistics2-8.4.7.jar, [1.16.5] SecurityCraft v1.10.1.jar, mcw-stairs-1.0.1-1.16.5forge.jar, obfuscate-0.6.3-1.16.5.jar, vehicle-mod-0.45.2-1.16.3.jar, MutantBeasts-1.16.4-1.1.3.jar, lazydfu-0.1.3.jar, mcw-roofs-2.3.2-mc1.16.5forge.jar, InventoryProfilesNext-forge-1.16-1.10.602.jar, mcw-doors-1.1.2-mc1.16.5forge.jar, ferritecore-2.1.1-forge.jar, curiouselytra-forge-1.16.5-4.0.2.5.jar, mcw-furniture-3.3.0-mc1.16.5forge.jar, Hwyla-forge-1.10.11-B78_1.16.2.jar, EnhancedAI-1.2.3-mc1.16.5.jar, forge-1.16.5-36.2.42-universal.jar, geckolib-forge-1.16.5-3.0.106.jar, mcw-mcwpaths-1.1.1-mc1.16.5forge.jar, corpse-1.16.5-1.0.6.jar, mcw-lights-1.1.2-mc1.16.5forge.jar, decocraft-3.0.4-1.16.4-slim.jar
[08Nov2025 16:09:16.445] [main/INFO] [ModernFix/]: Invalidating pack caches
[08Nov2025 16:09:21.799] [Worker-Main-1/ERROR] [net.minecraft.item.crafting.RecipeManager/]: Parsing error loading recipe vehicle:steep_boost_ramp: com.google.gson.JsonSyntaxException: Unknown item 'vehicle:boost_pad'
[08Nov2025 16:09:21.914] [Worker-Main-1/ERROR] [net.minecraft.item.crafting.RecipeManager/]: Parsing error loading recipe vehicle:boost_pad: com.google.gson.JsonSyntaxException: Unknown item 'vehicle:boost_pad'
[08Nov2025 16:09:21.979] [Worker-Main-1/ERROR] [net.minecraft.item.crafting.RecipeManager/]: Parsing error loading recipe vehicle:boost_ramp: com.google.gson.JsonSyntaxException: Unknown item 'vehicle:boost_pad'
[08Nov2025 16:09:22.028] [Worker-Main-1/INFO] [net.minecraft.item.crafting.RecipeManager/]: Loaded 26 recipes
[08Nov2025 16:09:22.277] [Worker-Main-1/ERROR] [net.minecraft.loot.LootTableManager/]: Couldn't parse loot table decocraft:blocks/school_desk_open_magenta: com.google.gson.JsonSyntaxException: Expected name to be an item, was unknown string 'decocraft:school_desk_open_magenta'
[08Nov2025 16:09:22.463] [Worker-Main-1/ERROR] [net.minecraft.loot.LootTableManager/]: Couldn't parse loot table decocraft:blocks/china_cabinet_open_black: com.google.gson.JsonSyntaxException: Expected name to be an item, was unknown string 'decocraft:china_cabinet_open_black'
[08Nov2025 16:09:22.496] [Worker-Main-1/ERROR] [net.minecraft.loot.LootTableManager/]: Couldn't parse loot table decocraft:blocks/school_desk_open_pink: com.google.gson.JsonSyntaxException: Expected name to be an item, was unknown string 'decocraft:school_desk_open_pink'
[08Nov2025 16:09:22.500] [Worker-Main-1/ERROR] [net.minecraft.loot.LootTableManager/]: Couldn't parse loot table decocraft:blocks/laptop_closed_pink: com.google.gson.JsonSyntaxException: Expected name to be an item, was unknown string 'decocraft:laptop_closed_pink'
[08Nov2025 16:09:22.709] [Worker-Main-1/ERROR] [net.minecraft.loot.LootTableManager/]: Couldn't parse loot table decocraft:blocks/school_desk_open_light_gray: com.google.gson.JsonSyntaxException: Expected name to be an item, was unknown string 'decocraft:school_desk_open_light_gray'
[08Nov2025 16:09:22.731] [Worker-Main-1/ERROR] [net.minecraft.loot.LootTableManager/]: Couldn't parse loot table decocraft:blocks/school_desk_open_purple: com.google.gson.JsonSyntaxException: Expected name to be an item, was unknown string 'decocraft:school_desk_open_purple'
[08Nov2025 16:09:22.746] [Worker-Main-1/ERROR] [net.minecraft.loot.LootTableManager/]: Couldn't parse loot table decocraft:blocks/picnic_basket: com.google.gson.JsonSyntaxException: Expected name to be an item, was unknown string 'decocraft:picnic_basket_closed'
[08Nov2025 16:09:22.815] [Worker-Main-1/ERROR] [net.minecraft.loot.LootTableManager/]: Couldn't parse loot table decocraft:blocks/school_desk_open_gray: com.google.gson.JsonSyntaxException: Expected name to be an item, was unknown string 'decocraft:school_desk_open_gray'
[08Nov2025 16:09:22.852] [Worker-Main-1/ERROR] [net.minecraft.loot.LootTableManager/]: Couldn't parse loot table decocraft:blocks/china_cabinet_open_ebony: com.google.gson.JsonSyntaxException: Expected name to be an item, was unknown string 'decocraft:china_cabinet_open_ebony'
[08Nov2025 16:09:22.885] [Worker-Main-1/ERROR] [net.minecraft.loot.LootTableManager/]: Couldn't parse loot table decocraft:blocks/china_cabinet_open_white: com.google.gson.JsonSyntaxException: Expected name to be an item, was unknown string 'decocraft:china_cabinet_open_white'
[08Nov2025 16:09:22.905] [Worker-Main-1/ERROR] [net.minecraft.loot.LootTableManager/]: Couldn't parse loot table decocraft:blocks/school_desk_open_white: com.google.gson.JsonSyntaxException: Expected name to be an item, was unknown string 'decocraft:school_desk_open_white'
[08Nov2025 16:09:22.910] [Worker-Main-1/ERROR] [net.minecraft.loot.LootTableManager/]: Couldn't parse loot table decocraft:blocks/school_desk_open_cyan: com.google.gson.JsonSyntaxException: Expected name to be an item, was unknown string 'decocraft:school_desk_open_cyan'
[08Nov2025 16:09:22.917] [Worker-Main-1/ERROR] [net.minecraft.loot.LootTableManager/]: Couldn't parse loot table decocraft:blocks/school_desk_open_green: com.google.gson.JsonSyntaxException: Expected name to be an item, was unknown string 'decocraft:school_desk_open_green'
[08Nov2025 16:09:22.923] [Worker-Main-1/ERROR] [net.minecraft.loot.LootTableManager/]: Couldn't parse loot table decocraft:blocks/china_cabinet_open_spruce: com.google.gson.JsonSyntaxException: Expected name to be an item, was unknown string 'decocraft:china_cabinet_open_spruce'
[08Nov2025 16:09:22.927] [Worker-Main-1/ERROR] [net.minecraft.loot.LootTableManager/]: Couldn't parse loot table decocraft:blocks/laptop_closed_black: com.google.gson.JsonSyntaxException: Expected name to be an item, was unknown string 'decocraft:laptop_closed_black'
[08Nov2025 16:09:22.938] [Worker-Main-1/ERROR] [net.minecraft.loot.LootTableManager/]: Couldn't parse loot table decocraft:blocks/school_desk_open_black: com.google.gson.JsonSyntaxException: Expected name to be an item, was unknown string 'decocraft:school_desk_open_black'
[08Nov2025 16:09:22.943] [Worker-Main-1/ERROR] [net.minecraft.loot.LootTableManager/]: Couldn't parse loot table decocraft:blocks/picnic_basket_closed: com.google.gson.JsonSyntaxException: Expected name to be an item, was unknown string 'decocraft:picnic_basket_closed'
[08Nov2025 16:09:23.004] [Worker-Main-1/ERROR] [net.minecraft.loot.LootTableManager/]: Couldn't parse loot table decocraft:blocks/china_cabinet_open_birch: com.google.gson.JsonSyntaxException: Expected name to be an item, was unknown string 'decocraft:china_cabinet_open_birch'
[08Nov2025 16:09:23.035] [Worker-Main-1/ERROR] [net.minecraft.loot.LootTableManager/]: Couldn't parse loot table decocraft:blocks/school_desk_open_yellow: com.google.gson.JsonSyntaxException: Expected name to be an item, was unknown string 'decocraft:school_desk_open_yellow'
[08Nov2025 16:09:23.074] [Worker-Main-1/ERROR] [net.minecraft.loot.LootTableManager/]: Couldn't parse loot table decocraft:blocks/laptop_closed_silver: com.google.gson.JsonSyntaxException: Expected name to be an item, was unknown string 'decocraft:laptop_closed_silver'
[08Nov2025 16:09:23.098] [Worker-Main-1/ERROR] [net.minecraft.loot.LootTableManager/]: Couldn't parse loot table decocraft:blocks/school_desk_open_light_blue: com.google.gson.JsonSyntaxException: Expected name to be an item, was unknown string 'decocraft:school_desk_open_light_blue'
[08Nov2025 16:09:23.114] [Worker-Main-1/ERROR] [net.minecraft.loot.LootTableManager/]: Couldn't parse loot table decocraft:blocks/china_cabinet_open_cherry: com.google.gson.JsonSyntaxException: Expected name to be an item, was unknown string 'decocraft:china_cabinet_open_cherry'
[08Nov2025 16:09:23.123] [Worker-Main-1/ERROR] [net.minecraft.loot.LootTableManager/]: Couldn't parse loot table decocraft:blocks/china_cabinet_open_oak: com.google.gson.JsonSyntaxException: Expected name to be an item, was unknown string 'decocraft:china_cabinet_open_oak'
[08Nov2025 16:09:23.221] [Worker-Main-1/ERROR] [net.minecraft.loot.LootTableManager/]: Couldn't parse loot table decocraft:blocks/school_desk_open_orange: com.google.gson.JsonSyntaxException: Expected name to be an item, was unknown string 'decocraft:school_desk_open_orange'
[08Nov2025 16:09:23.309] [Worker-Main-1/ERROR] [net.minecraft.loot.LootTableManager/]: Couldn't parse loot table decocraft:blocks/school_desk_open_blue: com.google.gson.JsonSyntaxException: Expected name to be an item, was unknown string 'decocraft:school_desk_open_blue'
[08Nov2025 16:09:23.328] [Worker-Main-1/ERROR] [net.minecraft.loot.LootTableManager/]: Couldn't parse loot table decocraft:blocks/school_desk_open_red: com.google.gson.JsonSyntaxException: Expected name to be an item, was unknown string 'decocraft:school_desk_open_red'
[08Nov2025 16:09:23.345] [Worker-Main-1/ERROR] [net.minecraft.loot.LootTableManager/]: Couldn't parse loot table decocraft:blocks/china_cabinet_open_palm: com.google.gson.JsonSyntaxException: Expected name to be an item, was unknown string 'decocraft:china_cabinet_open_palm'
[08Nov2025 16:09:23.369] [Worker-Main-1/ERROR] [net.minecraft.loot.LootTableManager/]: Couldn't parse loot table decocraft:blocks/school_desk_open_lime: com.google.gson.JsonSyntaxException: Expected name to be an item, was unknown string 'decocraft:school_desk_open_lime'
[08Nov2025 16:09:23.464] [Worker-Main-1/WARN] [net.minecraft.loot.LootTableManager/]: Found validation problem in {born_in_chaos_v1:entities/zombieswith_door}.pools[0].entries[4].functions[1]: Parameters [<parameter minecraft:tool>] are not provided in this context
[08Nov2025 16:09:23.465] [Worker-Main-1/WARN] [net.minecraft.loot.LootTableManager/]: Found validation problem in {born_in_chaos_v1:entities/zombiesina_barrel}.pools[0].entries[14].functions[2]: Parameters [<parameter minecraft:tool>] are not provided in this context
[08Nov2025 16:09:23.465] [Worker-Main-1/WARN] [net.minecraft.loot.LootTableManager/]: Found validation problem in {born_in_chaos_v1:entities/restless_spirit_n}.pools[0].entries[2].functions[1]: Parameters [<parameter minecraft:tool>] are not provided in this context
[08Nov2025 16:09:23.466] [Worker-Main-1/WARN] [net.minecraft.loot.LootTableManager/]: Found validation problem in {born_in_chaos_v1:entities/bone_imp_n}.pools[0].entries[2].functions[1]: Parameters [<parameter minecraft:tool>] are not provided in this context
[08Nov2025 16:09:23.467] [Worker-Main-1/WARN] [net.minecraft.loot.LootTableManager/]: Found validation problem in {born_in_chaos_v1:entities/seared_spirit}.pools[0].entries[3].functions[1]: Parameters [<parameter minecraft:tool>] are not provided in this context
[08Nov2025 16:09:23.467] [Worker-Main-1/WARN] [net.minecraft.loot.LootTableManager/]: Found validation problem in {born_in_chaos_v1:entities/bone_imp}.pools[0].entries[1].functions[1]: Parameters [<parameter minecraft:tool>] are not provided in this context
[08Nov2025 16:09:23.468] [Worker-Main-1/WARN] [net.minecraft.loot.LootTableManager/]: Found validation problem in {born_in_chaos_v1:entities/nightmare_stalker_n}.pools[0].entries[5].functions[1]: Parameters [<parameter minecraft:tool>] are not provided in this context
[08Nov2025 16:09:23.468] [Worker-Main-1/WARN] [net.minecraft.loot.LootTableManager/]: Found validation problem in {born_in_chaos_v1:entities/zombiesina_barrel}.pools[0].entries[18].functions[1]: Parameters [<parameter minecraft:tool>] are not provided in this context
[08Nov2025 16:09:23.468] [Worker-Main-1/WARN] [net.minecraft.loot.LootTableManager/]: Found validation problem in {born_in_chaos_v1:entities/skeleton_thrasher}.pools[0].entries[1].functions[1]: Parameters [<parameter minecraft:tool>] are not provided in this context
[08Nov2025 16:09:23.469] [Worker-Main-1/WARN] [net.minecraft.loot.LootTableManager/]: Found validation problem in {born_in_chaos_v1:entities/zombieswith_door_n}.pools[0].entries[8].functions[1]: Parameters [<parameter minecraft:tool>] are not provided in this context
[08Nov2025 16:09:23.469] [Worker-Main-1/WARN] [net.minecraft.loot.LootTableManager/]: Found validation problem in {born_in_chaos_v1:entities/zombiesina_barrel}.pools[0].entries[17].functions[1]: Parameters [<parameter minecraft:tool>] are not provided in this context
[08Nov2025 16:09:23.471] [Worker-Main-1/WARN] [net.minecraft.loot.LootTableManager/]: Found validation problem in {born_in_chaos_v1:entities/bonescaller}.pools[0].entries[3].functions[1]: Parameters [<parameter minecraft:tool>] are not provided in this context
[08Nov2025 16:09:23.472] [Worker-Main-1/WARN] [net.minecraft.loot.LootTableManager/]: Found validation problem in {born_in_chaos_v1:entities/skeleton_thrasher}.pools[0].entries[6].functions[1]: Parameters [<parameter minecraft:tool>] are not provided in this context
[08Nov2025 16:09:23.472] [Worker-Main-1/WARN] [net.minecraft.loot.LootTableManager/]: Found validation problem in {born_in_chaos_v1:entities/decaying_zombie}.pools[0].entries[1].functions[1]: Parameters [<parameter minecraft:tool>] are not provided in this context
[08Nov2025 16:09:23.473] [Worker-Main-1/WARN] [net.minecraft.loot.LootTableManager/]: Found validation problem in {born_in_chaos_v1:entities/nightmare_stalker}.pools[0].entries[1].functions[1]: Parameters [<parameter minecraft:tool>] are not provided in this context
[08Nov2025 16:09:23.473] [Worker-Main-1/WARN] [net.minecraft.loot.LootTableManager/]: Found validation problem in {born_in_chaos_v1:entities/nightmare_stalker_n}.pools[0].entries[1].functions[1]: Parameters [<parameter minecraft:tool>] are not provided in this context
[08Nov2025 16:09:23.474] [Worker-Main-1/WARN] [net.minecraft.loot.LootTableManager/]: Found validation problem in {born_in_chaos_v1:entities/skeleton_thrasher_n}.pools[0].entries[4].functions[1]: Parameters [<parameter minecraft:tool>] are not provided in this context
[08Nov2025 16:09:23.475] [Worker-Main-1/WARN] [net.minecraft.loot.LootTableManager/]: Found validation problem in {born_in_chaos_v1:entities/bonescaller_n}.pools[0].entries[5].functions[1]: Parameters [<parameter minecraft:tool>] are not provided in this context
[08Nov2025 16:09:23.475] [Worker-Main-1/WARN] [net.minecraft.loot.LootTableManager/]: Found validation problem in {born_in_chaos_v1:entities/seared_spirit}.pools[0].entries[2].functions[1]: Parameters [<parameter minecraft:tool>] are not provided in this context
[08Nov2025 16:09:23.475] [Worker-Main-1/WARN] [net.minecraft.loot.LootTableManager/]: Found validation problem in {born_in_chaos_v1:entities/skeleton_bomb}.pools[0].entries[1].functions[1]: Parameters [<parameter minecraft:tool>] are not provided in this context
[08Nov2025 16:09:23.477] [Worker-Main-1/WARN] [net.minecraft.loot.LootTableManager/]: Found validation problem in {born_in_chaos_v1:entities/decrepit_skeleton}.pools[0].entries[0].functions[1]: Parameters [<parameter minecraft:tool>] are not provided in this context
[08Nov2025 16:09:23.477] [Worker-Main-1/WARN] [net.minecraft.loot.LootTableManager/]: Found validation problem in {born_in_chaos_v1:entities/zombieswith_door_n}.pools[0].entries[3].functions[1]: Parameters [<parameter minecraft:tool>] are not provided in this context
[08Nov2025 16:09:23.477] [Worker-Main-1/WARN] [net.minecraft.loot.LootTableManager/]: Found validation problem in {born_in_chaos_v1:entities/zombieswith_door}.pools[0].entries[5].functions[1]: Parameters [<parameter minecraft:tool>] are not provided in this context
[08Nov2025 16:09:23.478] [Worker-Main-1/WARN] [net.minecraft.loot.LootTableManager/]: Found validation problem in {born_in_chaos_v1:entities/zombiesina_barrel}.pools[0].entries[13].functions[1]: Parameters [<parameter minecraft:tool>] are not provided in this context
[08Nov2025 16:09:23.478] [Worker-Main-1/WARN] [net.minecraft.loot.LootTableManager/]: Found validation problem in {born_in_chaos_v1:entities/bone_imp_n}.pools[0].entries[1].functions[1]: Parameters [<parameter minecraft:tool>] are not provided in this context
[08Nov2025 16:09:23.478] [Worker-Main-1/WARN] [net.minecraft.loot.LootTableManager/]: Found validation problem in {born_in_chaos_v1:entities/skeleton_thrasher_n}.pools[0].entries[3].functions[1]: Parameters [<parameter minecraft:tool>] are not provided in this context
[08Nov2025 16:09:23.478] [Worker-Main-1/WARN] [net.minecraft.loot.LootTableManager/]: Found validation problem in {born_in_chaos_v1:entities/seared_spirit}.pools[0].entries[4].functions[1]: Parameters [<parameter minecraft:tool>] are not provided in this context
[08Nov2025 16:09:23.479] [Worker-Main-1/WARN] [net.minecraft.loot.LootTableManager/]: Found validation problem in {born_in_chaos_v1:entities/zombiesina_barrel}.pools[0].entries[2].functions[1]: Parameters [<parameter minecraft:tool>] are not provided in this context
[08Nov2025 16:09:23.479] [Worker-Main-1/WARN] [net.minecraft.loot.LootTableManager/]: Found validation problem in {born_in_chaos_v1:entities/decrepit_skeleton_n}.pools[0].entries[1].functions[1]: Parameters [<parameter minecraft:tool>] are not provided in this context
[08Nov2025 16:09:23.479] [Worker-Main-1/WARN] [net.minecraft.loot.LootTableManager/]: Found validation problem in {born_in_chaos_v1:entities/bonescaller_n}.pools[0].entries[2].functions[1]: Parameters [<parameter minecraft:tool>] are not provided in this context
[08Nov2025 16:09:23.479] [Worker-Main-1/WARN] [net.minecraft.loot.LootTableManager/]: Found validation problem in {born_in_chaos_v1:entities/firelight_n}.pools[0].entries[0].functions[1]: Parameters [<parameter minecraft:tool>] are not provided in this context
[08Nov2025 16:09:23.479] [Worker-Main-1/WARN] [net.minecraft.loot.LootTableManager/]: Found validation problem in {born_in_chaos_v1:entities/zombiesina_barrel}.pools[0].entries[7].functions[1]: Parameters [<parameter minecraft:tool>] are not provided in this context
[08Nov2025 16:09:23.479] [Worker-Main-1/WARN] [net.minecraft.loot.LootTableManager/]: Found validation problem in {born_in_chaos_v1:entities/zombieswith_door_n}.pools[0].entries[7].functions[1]: Parameters [<parameter minecraft:tool>] are not provided in this context
[08Nov2025 16:09:23.481] [Worker-Main-1/WARN] [net.minecraft.loot.LootTableManager/]: Found validation problem in {born_in_chaos_v1:entities/zombieswith_door}.pools[0].entries[6].functions[1]: Parameters [<parameter minecraft:tool>] are not provided in this context
[08Nov2025 16:09:23.481] [Worker-Main-1/WARN] [net.minecraft.loot.LootTableManager/]: Found validation problem in {born_in_chaos_v1:entities/zombiesina_barrel}.pools[0].entries[16].functions[1]: Parameters [<parameter minecraft:tool>] are not provided in this context
[08Nov2025 16:09:23.481] [Worker-Main-1/WARN] [net.minecraft.loot.LootTableManager/]: Found validation problem in {born_in_chaos_v1:entities/zombieswith_door}.pools[0].entries[2].functions[1]: Parameters [<parameter minecraft:tool>] are not provided in this context
[08Nov2025 16:09:23.482] [Worker-Main-1/WARN] [net.minecraft.loot.LootTableManager/]: Found validation problem in {born_in_chaos_v1:entities/zombieswith_door_n}.pools[0].entries[2].functions[1]: Parameters [<parameter minecraft:tool>] are not provided in this context
[08Nov2025 16:09:23.482] [Worker-Main-1/WARN] [net.minecraft.loot.LootTableManager/]: Found validation problem in {born_in_chaos_v1:entities/bonescaller}.pools[0].entries[2].functions[1]: Parameters [<parameter minecraft:tool>] are not provided in this context
[08Nov2025 16:09:23.483] [Worker-Main-1/WARN] [net.minecraft.loot.LootTableManager/]: Found validation problem in {born_in_chaos_v1:entities/skeleton_bomb}.pools[0].entries[0].functions[1]: Parameters [<parameter minecraft:tool>] are not provided in this context
[08Nov2025 16:09:23.484] [Worker-Main-1/WARN] [net.minecraft.loot.LootTableManager/]: Found validation problem in {born_in_chaos_v1:entities/zombiesina_barrel}.pools[0].entries[12].functions[1]: Parameters [<parameter minecraft:tool>] are not provided in this context
[08Nov2025 16:09:23.486] [Worker-Main-1/WARN] [net.minecraft.loot.LootTableManager/]: Found validation problem in {born_in_chaos_v1:entities/zombiesina_barrel}.pools[0].entries[3].functions[1]: Parameters [<parameter minecraft:tool>] are not provided in this context
[08Nov2025 16:09:23.486] [Worker-Main-1/WARN] [net.minecraft.loot.LootTableManager/]: Found validation problem in {born_in_chaos_v1:entities/decrepit_skeleton}.pools[0].entries[1].functions[1]: Parameters [<parameter minecraft:tool>] are not provided in this context
[08Nov2025 16:09:23.487] [Worker-Main-1/WARN] [net.minecraft.loot.LootTableManager/]: Found validation problem in {born_in_chaos_v1:entities/skeleton_thrasher}.pools[0].entries[3].functions[1]: Parameters [<parameter minecraft:tool>] are not provided in this context
[08Nov2025 16:09:23.487] [Worker-Main-1/WARN] [net.minecraft.loot.LootTableManager/]: Found validation problem in {born_in_chaos_v1:entities/supreme_bonescaller_s_2}.pools[0].entries[5].functions[1]: Parameters [<parameter minecraft:tool>] are not provided in this context
[08Nov2025 16:09:23.488] [Worker-Main-1/WARN] [net.minecraft.loot.LootTableManager/]: Found validation problem in {born_in_chaos_v1:entities/decrepit_skeleton_n}.pools[0].entries[0].functions[1]: Parameters [<parameter minecraft:tool>] are not provided in this context
[08Nov2025 16:09:23.488] [Worker-Main-1/WARN] [net.minecraft.loot.LootTableManager/]: Found validation problem in {born_in_chaos_v1:entities/supreme_bonescaller_s_2}.pools[0].entries[0].functions[1]: Parameters [<parameter minecraft:tool>] are not provided in this context
[08Nov2025 16:09:23.488] [Worker-Main-1/WARN] [net.minecraft.loot.LootTableManager/]: Found validation problem in {born_in_chaos_v1:entities/zombiesina_barrel}.pools[0].entries[15].functions[1]: Parameters [<parameter minecraft:tool>] are not provided in this context
[08Nov2025 16:09:23.489] [Worker-Main-1/WARN] [net.minecraft.loot.LootTableManager/]: Found validation problem in {born_in_chaos_v1:entities/bonescaller}.pools[0].entries[5].functions[1]: Parameters [<parameter minecraft:tool>] are not provided in this context
[08Nov2025 16:09:23.489] [Worker-Main-1/WARN] [net.minecraft.loot.LootTableManager/]: Found validation problem in {born_in_chaos_v1:entities/fallen_chaos_knight}.pools[0].entries[0].functions[1]: Parameters [<parameter minecraft:tool>] are not provided in this context
[08Nov2025 16:09:23.489] [Worker-Main-1/WARN] [net.minecraft.loot.LootTableManager/]: Found validation problem in {born_in_chaos_v1:entities/zombiesina_barrel}.pools[0].entries[10].functions[1]: Parameters [<parameter minecraft:tool>] are not provided in this context
[08Nov2025 16:09:23.489] [Worker-Main-1/WARN] [net.minecraft.loot.LootTableManager/]: Found validation problem in {born_in_chaos_v1:entities/nightmare_stalker}.pools[0].entries[4].functions[1]: Parameters [<parameter minecraft:tool>] are not provided in this context
[08Nov2025 16:09:23.489] [Worker-Main-1/WARN] [net.minecraft.loot.LootTableManager/]: Found validation problem in {born_in_chaos_v1:entities/bonescaller_n}.pools[0].entries[3].functions[1]: Parameters [<parameter minecraft:tool>] are not provided in this context
[08Nov2025 16:09:23.490] [Worker-Main-1/WARN] [net.minecraft.loot.LootTableManager/]: Found validation problem in {born_in_chaos_v1:entities/zombiesina_barrel}.pools[0].entries[11].functions[1]: Parameters [<parameter minecraft:tool>] are not provided in this context
[08Nov2025 16:09:23.490] [Worker-Main-1/WARN] [net.minecraft.loot.LootTableManager/]: Found validation problem in {born_in_chaos_v1:entities/zombieswith_door}.pools[0].entries[1].functions[1]: Parameters [<parameter minecraft:tool>] are not provided in this context
[08Nov2025 16:09:23.490] [Worker-Main-1/WARN] [net.minecraft.loot.LootTableManager/]: Found validation problem in {born_in_chaos_v1:entities/zombieswith_door_n}.pools[0].entries[1].functions[1]: Parameters [<parameter minecraft:tool>] are not provided in this context
[08Nov2025 16:09:23.490] [Worker-Main-1/WARN] [net.minecraft.loot.LootTableManager/]: Found validation problem in {born_in_chaos_v1:entities/skeleton_thrasher_n}.pools[0].entries[6].functions[1]: Parameters [<parameter minecraft:tool>] are not provided in this context
[08Nov2025 16:09:23.490] [Worker-Main-1/WARN] [net.minecraft.loot.LootTableManager/]: Found validation problem in {born_in_chaos_v1:entities/zombieswith_door}.pools[0].entries[7].functions[1]: Parameters [<parameter minecraft:tool>] are not provided in this context
[08Nov2025 16:09:23.490] [Worker-Main-1/WARN] [net.minecraft.loot.LootTableManager/]: Found validation problem in {born_in_chaos_v1:entities/zombieswith_door_n}.pools[0].entries[5].functions[1]: Parameters [<parameter minecraft:tool>] are not provided in this context
[08Nov2025 16:09:23.490] [Worker-Main-1/WARN] [net.minecraft.loot.LootTableManager/]: Found validation problem in {born_in_chaos_v1:entities/restless_spirit}.pools[0].entries[2].functions[1]: Parameters [<parameter minecraft:tool>] are not provided in this context
[08Nov2025 16:09:23.490] [Worker-Main-1/WARN] [net.minecraft.loot.LootTableManager/]: Found validation problem in {born_in_chaos_v1:entities/skeleton_thrasher}.pools[0].entries[4].functions[1]: Parameters [<parameter minecraft:tool>] are not provided in this context
[08Nov2025 16:09:23.493] [Worker-Main-1/WARN] [net.minecraft.loot.LootTableManager/]: Found validation problem in {born_in_chaos_v1:entities/supreme_bonescaller_s_2}.pools[0].entries[1].functions[1]: Parameters [<parameter minecraft:tool>] are not provided in this context
[08Nov2025 16:09:23.494] [Worker-Main-1/WARN] [net.minecraft.loot.LootTableManager/]: Found validation problem in {born_in_chaos_v1:entities/fallen_chaos_knight}.pools[0].entries[1].functions[1]: Parameters [<parameter minecraft:tool>] are not provided in this context
[08Nov2025 16:09:23.494] [Worker-Main-1/WARN] [net.minecraft.loot.LootTableManager/]: Found validation problem in {born_in_chaos_v1:entities/diamond_thermite}.pools[0].entries[0].functions[1]: Parameters [<parameter minecraft:tool>] are not provided in this context
[08Nov2025 16:09:23.494] [Worker-Main-1/WARN] [net.minecraft.loot.LootTableManager/]: Found validation problem in {born_in_chaos_v1:entities/supreme_bonescaller_s_2}.pools[0].entries[4].functions[1]: Parameters [<parameter minecraft:tool>] are not provided in this context
[08Nov2025 16:09:23.495] [Worker-Main-1/WARN] [net.minecraft.loot.LootTableManager/]: Found validation problem in {born_in_chaos_v1:entities/bonescaller_n}.pools[0].entries[4].functions[1]: Parameters [<parameter minecraft:tool>] are not provided in this context
[08Nov2025 16:09:23.495] [Worker-Main-1/WARN] [net.minecraft.loot.LootTableManager/]: Found validation problem in {born_in_chaos_v1:entities/zombieswith_door}.pools[0].entries[3].functions[1]: Parameters [<parameter minecraft:tool>] are not provided in this context
[08Nov2025 16:09:23.497] [Worker-Main-1/WARN] [net.minecraft.loot.LootTableManager/]: Found validation problem in {born_in_chaos_v1:entities/firelight}.pools[0].entries[0].functions[1]: Parameters [<parameter minecraft:tool>] are not provided in this context
[08Nov2025 16:09:23.498] [Worker-Main-1/WARN] [net.minecraft.loot.LootTableManager/]: Found validation problem in {born_in_chaos_v1:entities/skeleton_thrasher_n}.pools[0].entries[1].functions[1]: Parameters [<parameter minecraft:tool>] are not provided in this context
[08Nov2025 16:09:23.498] [Worker-Main-1/WARN] [net.minecraft.loot.LootTableManager/]: Found validation problem in {alexsmobs:gameplay/seal_reward}.pools[0].entries[1].functions[0]: Parameters [<parameter minecraft:origin>] are not provided in this context
[08Nov2025 16:09:23.499] [Worker-Main-1/WARN] [net.minecraft.loot.LootTableManager/]: Found validation problem in {born_in_chaos_v1:entities/nightmare_stalker}.pools[0].entries[5].functions[1]: Parameters [<parameter minecraft:tool>] are not provided in this context
[08Nov2025 16:09:23.501] [Worker-Main-1/WARN] [net.minecraft.loot.LootTableManager/]: Found validation problem in {born_in_chaos_v1:entities/zombieswith_door}.pools[0].entries[8].functions[1]: Parameters [<parameter minecraft:tool>] are not provided in this context
[08Nov2025 16:09:23.501] [Worker-Main-1/WARN] [net.minecraft.loot.LootTableManager/]: Found validation problem in {born_in_chaos_v1:entities/zombiesina_barrel}.pools[0].entries[9].functions[1]: Parameters [<parameter minecraft:tool>] are not provided in this context
[08Nov2025 16:09:23.501] [Worker-Main-1/WARN] [net.minecraft.loot.LootTableManager/]: Found validation problem in {born_in_chaos_v1:entities/zombiesina_barrel}.pools[0].entries[30].functions[1]: Parameters [<parameter minecraft:tool>] are not provided in this context
[08Nov2025 16:09:23.501] [Worker-Main-1/WARN] [net.minecraft.loot.LootTableManager/]: Found validation problem in {born_in_chaos_v1:entities/restless_spirit}.pools[0].entries[0].functions[1]: Parameters [<parameter minecraft:tool>] are not provided in this context
[08Nov2025 16:09:23.502] [Worker-Main-1/WARN] [net.minecraft.loot.LootTableManager/]: Found validation problem in {born_in_chaos_v1:entities/nightmare_stalker_n}.pools[0].entries[4].functions[1]: Parameters [<parameter minecraft:tool>] are not provided in this context
[08Nov2025 16:09:23.504] [Worker-Main-1/WARN] [net.minecraft.loot.LootTableManager/]: Found validation problem in {born_in_chaos_v1:entities/nightmare_stalker}.pools[0].entries[0].functions[1]: Parameters [<parameter minecraft:tool>] are not provided in this context
[08Nov2025 16:09:23.504] [Worker-Main-1/WARN] [net.minecraft.loot.LootTableManager/]: Found validation problem in {born_in_chaos_v1:entities/zombiesina_barrel}.pools[0].entries[5].functions[1]: Parameters [<parameter minecraft:tool>] are not provided in this context
[08Nov2025 16:09:23.504] [Worker-Main-1/WARN] [net.minecraft.loot.LootTableManager/]: Found validation problem in {born_in_chaos_v1:entities/skeleton_thrasher_n}.pools[0].entries[5].functions[1]: Parameters [<parameter minecraft:tool>] are not provided in this context
[08Nov2025 16:09:23.504] [Worker-Main-1/WARN] [net.minecraft.loot.LootTableManager/]: Found validation problem in {born_in_chaos_v1:entities/bonescaller}.pools[0].entries[4].functions[1]: Parameters [<parameter minecraft:tool>] are not provided in this context
[08Nov2025 16:09:23.505] [Worker-Main-1/WARN] [net.minecraft.loot.LootTableManager/]: Found validation problem in {born_in_chaos_v1:entities/zombiesina_barrel}.pools[0].entries[31].functions[1]: Parameters [<parameter minecraft:tool>] are not provided in this context
[08Nov2025 16:09:23.505] [Worker-Main-1/WARN] [net.minecraft.loot.LootTableManager/]: Found validation problem in {born_in_chaos_v1:entities/bone_imp}.pools[0].entries[2].functions[1]: Parameters [<parameter minecraft:tool>] are not provided in this context
[08Nov2025 16:09:23.506] [Worker-Main-1/WARN] [net.minecraft.loot.LootTableManager/]: Found validation problem in {born_in_chaos_v1:entities/pumpkin_spirit}.pools[0].entries[3].functions[1]: Parameters [<parameter minecraft:tool>] are not provided in this context
[08Nov2025 16:09:23.507] [Worker-Main-1/WARN] [net.minecraft.loot.LootTableManager/]: Found validation problem in {born_in_chaos_v1:entities/restless_spirit_n}.pools[0].entries[0].functions[1]: Parameters [<parameter minecraft:tool>] are not provided in this context
[08Nov2025 16:09:23.507] [Worker-Main-1/WARN] [net.minecraft.loot.LootTableManager/]: Found validation problem in {born_in_chaos_v1:entities/nightmare_stalker_n}.pools[0].entries[0].functions[1]: Parameters [<parameter minecraft:tool>] are not provided in this context
[08Nov2025 16:09:23.509] [Worker-Main-1/WARN] [net.minecraft.loot.LootTableManager/]: Found validation problem in {born_in_chaos_v1:entities/zombieswith_door_n}.pools[0].entries[4].functions[1]: Parameters [<parameter minecraft:tool>] are not provided in this context
[08Nov2025 16:09:23.509] [Worker-Main-1/WARN] [net.minecraft.loot.LootTableManager/]: Found validation problem in {born_in_chaos_v1:entities/decaying_zombie}.pools[0].entries[0].functions[1]: Parameters [<parameter minecraft:tool>] are not provided in this context
[08Nov2025 16:09:23.509] [Worker-Main-1/WARN] [net.minecraft.loot.LootTableManager/]: Found validation problem in {born_in_chaos_v1:entities/skeleton_thrasher}.pools[0].entries[5].functions[1]: Parameters [<parameter minecraft:tool>] are not provided in this context
[08Nov2025 16:09:23.791] [Worker-Main-1/INFO] [net.minecraft.advancements.AdvancementList/]: Loaded 3059 advancements
[08Nov2025 16:09:24.432] [Server thread/INFO] [net.minecraft.server.dedicated.DedicatedServer/]: Starting minecraft server version 1.16.5
[08Nov2025 16:09:24.434] [Server thread/INFO] [net.minecraft.server.dedicated.DedicatedServer/]: Loading properties
[08Nov2025 16:09:24.434] [Server thread/INFO] [net.minecraft.server.dedicated.DedicatedServer/]: Default game type: SURVIVAL
[08Nov2025 16:09:24.434] [Server thread/INFO] [net.minecraft.server.MinecraftServer/]: Generating keypair
[08Nov2025 16:09:24.634] [Server thread/INFO] [net.minecraft.server.dedicated.DedicatedServer/]: Starting Minecraft server on *:25565
[08Nov2025 16:09:24.775] [Server thread/INFO] [net.minecraft.network.NetworkSystem/]: Using epoll channel type
[08Nov2025 16:09:24.948] [Server thread/WARN] [net.minecraft.server.dedicated.DedicatedServer/]: **** SERVER IS RUNNING IN OFFLINE/INSECURE MODE!
[08Nov2025 16:09:24.948] [Server thread/WARN] [net.minecraft.server.dedicated.DedicatedServer/]: The server will make no attempt to authenticate usernames. Beware.
[08Nov2025 16:09:24.949] [Server thread/WARN] [net.minecraft.server.dedicated.DedicatedServer/]: While this makes the game possible to play without internet access, it also opens up the ability for hackers to connect with any username they choose.
[08Nov2025 16:09:24.950] [Server thread/WARN] [net.minecraft.server.dedicated.DedicatedServer/]: To change this, set "online-mode" to "true" in the server.properties file.
[08Nov2025 16:09:24.979] [Server thread/WARN] [net.minecraftforge.common.ForgeConfigSpec/CORE]: Configuration file ./world/serverconfig/cgm-server.toml is not correct. Correcting
[08Nov2025 16:09:24.980] [Server thread/WARN] [net.minecraftforge.common.ForgeConfigSpec/CORE]: Incorrect key server was corrected from null to its default, SimpleCommentedConfig:{}. 
[08Nov2025 16:09:24.981] [Server thread/WARN] [net.minecraftforge.common.ForgeConfigSpec/CORE]: Incorrect key server.grenade was corrected from null to its default, SimpleCommentedConfig:{}. 
[08Nov2025 16:09:24.981] [Server thread/WARN] [net.minecraftforge.common.ForgeConfigSpec/CORE]: Incorrect key server.grenade.alphaOverlay was corrected from null to its default, 255. 
[08Nov2025 16:09:24.982] [Server thread/WARN] [net.minecraftforge.common.ForgeConfigSpec/CORE]: Incorrect key server.grenade.alphaFadeThreshold was corrected from null to its default, 40. 
[08Nov2025 16:09:24.982] [Server thread/WARN] [net.minecraftforge.common.ForgeConfigSpec/CORE]: Incorrect key server.grenade.soundPercentage was corrected from null to its default, 0.05. 
[08Nov2025 16:09:24.982] [Server thread/WARN] [net.minecraftforge.common.ForgeConfigSpec/CORE]: Incorrect key server.grenade.soundFadeThreshold was corrected from null to its default, 90. 
[08Nov2025 16:09:24.983] [Server thread/WARN] [net.minecraftforge.common.ForgeConfigSpec/CORE]: Incorrect key server.grenade.ringVolume was corrected from null to its default, 1.0. 
[08Nov2025 16:09:24.983] [Server thread/WARN] [net.minecraftforge.common.ForgeConfigSpec/CORE]: Incorrect key server.audio was corrected from null to its default, SimpleCommentedConfig:{}. 
[08Nov2025 16:09:24.983] [Server thread/WARN] [net.minecraftforge.common.ForgeConfigSpec/CORE]: Incorrect key server.audio.gunShotMaxDistance was corrected from null to its default, 100.0. 
[08Nov2025 16:09:24.984] [Server thread/WARN] [net.minecraftforge.common.ForgeConfigSpec/CORE]: Incorrect key server.audio.reloadMaxDistance was corrected from null to its default, 24.0. 
[08Nov2025 16:09:24.984] [Server thread/WARN] [net.minecraftforge.common.ForgeConfigSpec/CORE]: Incorrect key server.enableCameraRecoil was corrected from null to its default, true. 
[08Nov2025 16:09:24.985] [Server thread/WARN] [net.minecraftforge.common.ForgeConfigSpec/CORE]: Incorrect key server.cooldownThreshold was corrected from null to its default, 0. 
[08Nov2025 16:09:24.986] [Server thread/WARN] [net.minecraftforge.common.ForgeConfigSpec/CORE]: Incorrect key server.experimental was corrected from null to its default, SimpleCommentedConfig:{}. 
[08Nov2025 16:09:24.986] [Server thread/WARN] [net.minecraftforge.common.ForgeConfigSpec/CORE]: Incorrect key server.experimental.forceDyeableAttachments was corrected from null to its default, false. 
[08Nov2025 16:09:24.988] [Server thread/WARN] [net.minecraftforge.common.ForgeConfigSpec/CORE]: Configuration file ./world/serverconfig/curios-server.toml is not correct. Correcting
[08Nov2025 16:09:24.988] [Server thread/WARN] [net.minecraftforge.common.ForgeConfigSpec/CORE]: Incorrect key curiosSettings was corrected from null to its default, []. 
[08Nov2025 16:09:25.021] [Server thread/WARN] [net.minecraftforge.common.ForgeConfigSpec/CORE]: Configuration file ./world/serverconfig/mimic-server.toml is not correct. Correcting
[08Nov2025 16:09:25.021] [Server thread/WARN] [net.minecraftforge.common.ForgeConfigSpec/CORE]: Incorrect key mimicSpawnChance was corrected from null to its default, 5. 
[08Nov2025 16:09:25.023] [Server thread/WARN] [net.minecraftforge.common.ForgeConfigSpec/CORE]: Incorrect key debugMode was corrected from null to its default, false. 
[08Nov2025 16:09:25.025] [Server thread/WARN] [net.minecraftforge.common.ForgeConfigSpec/CORE]: Configuration file ./world/serverconfig/create-server.toml is not correct. Correcting
[08Nov2025 16:09:25.028] [Server thread/WARN] [net.minecraftforge.common.ForgeConfigSpec/CORE]: Incorrect key infrastructure was corrected from null to its default, SimpleCommentedConfig:{}. 
[08Nov2025 16:09:25.029] [Server thread/WARN] [net.minecraftforge.common.ForgeConfigSpec/CORE]: Incorrect key infrastructure.tickrateSyncTimer was corrected from null to its default, 20. 
[08Nov2025 16:09:25.033] [Server thread/WARN] [net.minecraftforge.common.ForgeConfigSpec/CORE]: Incorrect key recipes was corrected from null to its default, SimpleCommentedConfig:{}. 
[08Nov2025 16:09:25.034] [Server thread/WARN] [net.minecraftforge.common.ForgeConfigSpec/CORE]: Incorrect key recipes.bulkPressing was corrected from null to its default, false. 
[08Nov2025 16:09:25.034] [Server thread/WARN] [net.minecraftforge.common.ForgeConfigSpec/CORE]: Incorrect key recipes.bulkCutting was corrected from null to its default, false. 
[08Nov2025 16:09:25.034] [Server thread/WARN] [net.minecraftforge.common.ForgeConfigSpec/CORE]: Incorrect key recipes.allowShapelessInMixer was corrected from null to its default, true. 
[08Nov2025 16:09:25.036] [Server thread/WARN] [net.minecraftforge.common.ForgeConfigSpec/CORE]: Incorrect key recipes.allowShapedSquareInPress was corrected from null to its default, true. 
[08Nov2025 16:09:25.037] [Server thread/WARN] [net.minecraftforge.common.ForgeConfigSpec/CORE]: Incorrect key recipes.allowRegularCraftingInCrafter was corrected from null to its default, true. 
[08Nov2025 16:09:25.039] [Server thread/WARN] [net.minecraftforge.common.ForgeConfigSpec/CORE]: Incorrect key recipes.allowBiggerFireworksInCrafter was corrected from null to its default, false. 
[08Nov2025 16:09:25.040] [Server thread/WARN] [net.minecraftforge.common.ForgeConfigSpec/CORE]: Incorrect key recipes.allowStonecuttingOnSaw was corrected from null to its default, true. 
[08Nov2025 16:09:25.042] [Server thread/WARN] [net.minecraftforge.common.ForgeConfigSpec/CORE]: Incorrect key recipes.allowWoodcuttingOnSaw was corrected from null to its default, true. 
[08Nov2025 16:09:25.043] [Server thread/WARN] [net.minecraftforge.common.ForgeConfigSpec/CORE]: Incorrect key recipes.allowCastingBySpout was corrected from null to its default, true. 
[08Nov2025 16:09:25.043] [Server thread/WARN] [net.minecraftforge.common.ForgeConfigSpec/CORE]: Incorrect key recipes.lightSourceCountForRefinedRadiance was corrected from null to its default, 10. 
[08Nov2025 16:09:25.046] [Server thread/WARN] [net.minecraftforge.common.ForgeConfigSpec/CORE]: Incorrect key recipes.enableRefinedRadianceRecipe was corrected from null to its default, true. 
[08Nov2025 16:09:25.047] [Server thread/WARN] [net.minecraftforge.common.ForgeConfigSpec/CORE]: Incorrect key recipes.enableShadowSteelRecipe was corrected from null to its default, true. 
[08Nov2025 16:09:25.051] [Server thread/WARN] [net.minecraftforge.common.ForgeConfigSpec/CORE]: Incorrect key kinetics was corrected from null to its default, SimpleCommentedConfig:{}. 
[08Nov2025 16:09:25.052] [Server thread/WARN] [net.minecraftforge.common.ForgeConfigSpec/CORE]: Incorrect key kinetics.disableStress was corrected from null to its default, false. 
[08Nov2025 16:09:25.053] [Server thread/WARN] [net.minecraftforge.common.ForgeConfigSpec/CORE]: Incorrect key kinetics.maxBeltLength was corrected from null to its default, 20. 
[08Nov2025 16:09:25.054] [Server thread/WARN] [net.minecraftforge.common.ForgeConfigSpec/CORE]: Incorrect key kinetics.crushingDamage was corrected from null to its default, 4. 
[08Nov2025 16:09:25.056] [Server thread/WARN] [net.minecraftforge.common.ForgeConfigSpec/CORE]: Incorrect key kinetics.maxMotorSpeed was corrected from null to its default, 256. 
[08Nov2025 16:09:25.056] [Server thread/WARN] [net.minecraftforge.common.ForgeConfigSpec/CORE]: Incorrect key kinetics.waterWheelBaseSpeed was corrected from null to its default, 4. 
[08Nov2025 16:09:25.057] [Server thread/WARN] [net.minecraftforge.common.ForgeConfigSpec/CORE]: Incorrect key kinetics.waterWheelFlowSpeed was corrected from null to its default, 4. 
[08Nov2025 16:09:25.057] [Server thread/WARN] [net.minecraftforge.common.ForgeConfigSpec/CORE]: Incorrect key kinetics.furnaceEngineSpeed was corrected from null to its default, 16. 
[08Nov2025 16:09:25.057] [Server thread/WARN] [net.minecraftforge.common.ForgeConfigSpec/CORE]: Incorrect key kinetics.maxRotationSpeed was corrected from null to its default, 256. 
[08Nov2025 16:09:25.059] [Server thread/WARN] [net.minecraftforge.common.ForgeConfigSpec/CORE]: Incorrect key kinetics.ignoreDeployerAttacks was corrected from null to its default, CREEPERS. 
[08Nov2025 16:09:25.060] [Server thread/WARN] [net.minecraftforge.common.ForgeConfigSpec/CORE]: Incorrect key kinetics.kineticValidationFrequency was corrected from null to its default, 60. 
[08Nov2025 16:09:25.061] [Server thread/WARN] [net.minecraftforge.common.ForgeConfigSpec/CORE]: Incorrect key kinetics.crankHungerMultiplier was corrected from null to its default, 0.009999999776482582. 
[08Nov2025 16:09:25.062] [Server thread/WARN] [net.minecraftforge.common.ForgeConfigSpec/CORE]: Incorrect key kinetics.minimumWindmillSails was corrected from null to its default, 8. 
[08Nov2025 16:09:25.063] [Server thread/WARN] [net.minecraftforge.common.ForgeConfigSpec/CORE]: Incorrect key kinetics.windmillSailsPerRPM was corrected from null to its default, 8. 
[08Nov2025 16:09:25.064] [Server thread/WARN] [net.minecraftforge.common.ForgeConfigSpec/CORE]: Incorrect key kinetics.maxEjectorDistance was corrected from null to its default, 32. 
[08Nov2025 16:09:25.064] [Server thread/WARN] [net.minecraftforge.common.ForgeConfigSpec/CORE]: Incorrect key kinetics.ejectorScanInterval was corrected from null to its default, 120. 
[08Nov2025 16:09:25.065] [Server thread/WARN] [net.minecraftforge.common.ForgeConfigSpec/CORE]: Incorrect key kinetics.encasedFan was corrected from null to its default, SimpleCommentedConfig:{}. 
[08Nov2025 16:09:25.066] [Server thread/WARN] [net.minecraftforge.common.ForgeConfigSpec/CORE]: Incorrect key kinetics.encasedFan.fanPushDistance was corrected from null to its default, 20. 
[08Nov2025 16:09:25.066] [Server thread/WARN] [net.minecraftforge.common.ForgeConfigSpec/CORE]: Incorrect key kinetics.encasedFan.fanPullDistance was corrected from null to its default, 20. 
[08Nov2025 16:09:25.067] [Server thread/WARN] [net.minecraftforge.common.ForgeConfigSpec/CORE]: Incorrect key kinetics.encasedFan.fanBlockCheckRate was corrected from null to its default, 30. 
[08Nov2025 16:09:25.068] [Server thread/WARN] [net.minecraftforge.common.ForgeConfigSpec/CORE]: Incorrect key kinetics.encasedFan.fanRotationArgmax was corrected from null to its default, 256. 
[08Nov2025 16:09:25.069] [Server thread/WARN] [net.minecraftforge.common.ForgeConfigSpec/CORE]: Incorrect key kinetics.encasedFan.generatingFanSpeed was corrected from null to its default, 4. 
[08Nov2025 16:09:25.070] [Server thread/WARN] [net.minecraftforge.common.ForgeConfigSpec/CORE]: Incorrect key kinetics.encasedFan.inWorldProcessingTime was corrected from null to its default, 150. 
[08Nov2025 16:09:25.071] [Server thread/WARN] [net.minecraftforge.common.ForgeConfigSpec/CORE]: Incorrect key kinetics.contraptions was corrected from null to its default, SimpleCommentedConfig:{}. 
[08Nov2025 16:09:25.072] [Server thread/WARN] [net.minecraftforge.common.ForgeConfigSpec/CORE]: Incorrect key kinetics.contraptions.maxBlocksMoved was corrected from null to its default, 2048. 
[08Nov2025 16:09:25.073] [Server thread/WARN] [net.minecraftforge.common.ForgeConfigSpec/CORE]: Incorrect key kinetics.contraptions.maxChassisRange was corrected from null to its default, 16. 
[08Nov2025 16:09:25.073] [Server thread/WARN] [net.minecraftforge.common.ForgeConfigSpec/CORE]: Incorrect key kinetics.contraptions.maxPistonPoles was corrected from null to its default, 64. 
[08Nov2025 16:09:25.074] [Server thread/WARN] [net.minecraftforge.common.ForgeConfigSpec/CORE]: Incorrect key kinetics.contraptions.maxRopeLength was corrected from null to its default, 128. 
[08Nov2025 16:09:25.074] [Server thread/WARN] [net.minecraftforge.common.ForgeConfigSpec/CORE]: Incorrect key kinetics.contraptions.maxCartCouplingLength was corrected from null to its default, 32. 
[08Nov2025 16:09:25.075] [Server thread/WARN] [net.minecraftforge.common.ForgeConfigSpec/CORE]: Incorrect key kinetics.contraptions.movableSpawners was corrected from null to its default, NO_PICKUP. 
[08Nov2025 16:09:25.075] [Server thread/WARN] [net.minecraftforge.common.ForgeConfigSpec/CORE]: Incorrect key kinetics.contraptions.movableObsidian was corrected from null to its default, UNMOVABLE. 
[08Nov2025 16:09:25.077] [Server thread/WARN] [net.minecraftforge.common.ForgeConfigSpec/CORE]: Incorrect key kinetics.contraptions.moveItemsToStorage was corrected from null to its default, true. 
[08Nov2025 16:09:25.077] [Server thread/WARN] [net.minecraftforge.common.ForgeConfigSpec/CORE]: Incorrect key kinetics.contraptions.harvestPartiallyGrown was corrected from null to its default, false. 
[08Nov2025 16:09:25.078] [Server thread/WARN] [net.minecraftforge.common.ForgeConfigSpec/CORE]: Incorrect key kinetics.contraptions.harvesterReplants was corrected from null to its default, true. 
[08Nov2025 16:09:25.079] [Server thread/WARN] [net.minecraftforge.common.ForgeConfigSpec/CORE]: Incorrect key kinetics.stressValues was corrected from null to its default, SimpleCommentedConfig:{}. 
[08Nov2025 16:09:25.080] [Server thread/WARN] [net.minecraftforge.common.ForgeConfigSpec/CORE]: Incorrect key kinetics.stressValues.v2 was corrected from null to its default, SimpleCommentedConfig:{}. 
[08Nov2025 16:09:25.080] [Server thread/WARN] [net.minecraftforge.common.ForgeConfigSpec/CORE]: Incorrect key kinetics.stressValues.v2.impact was corrected from null to its default, SimpleCommentedConfig:{}. 
[08Nov2025 16:09:25.080] [Server thread/WARN] [net.minecraftforge.common.ForgeConfigSpec/CORE]: Incorrect key kinetics.stressValues.v2.impact.deployer was corrected from null to its default, 4.0. 
[08Nov2025 16:09:25.081] [Server thread/WARN] [net.minecraftforge.common.ForgeConfigSpec/CORE]: Incorrect key kinetics.stressValues.v2.impact.mechanical_piston was corrected from null to its default, 4.0. 
[08Nov2025 16:09:25.082] [Server thread/WARN] [net.minecraftforge.common.ForgeConfigSpec/CORE]: Incorrect key kinetics.stressValues.v2.impact.millstone was corrected from null to its default, 4.0. 
[08Nov2025 16:09:25.083] [Server thread/WARN] [net.minecraftforge.common.ForgeConfigSpec/CORE]: Incorrect key kinetics.stressValues.v2.impact.mechanical_bearing was corrected from null to its default, 4.0. 
[08Nov2025 16:09:25.084] [Server thread/WARN] [net.minecraftforge.common.ForgeConfigSpec/CORE]: Incorrect key kinetics.stressValues.v2.impact.clockwork_bearing was corrected from null to its default, 4.0. 
[08Nov2025 16:09:25.085] [Server thread/WARN] [net.minecraftforge.common.ForgeConfigSpec/CORE]: Incorrect key kinetics.stressValues.v2.impact.cuckoo_clock was corrected from null to its default, 1.0. 
[08Nov2025 16:09:25.087] [Server thread/WARN] [net.minecraftforge.common.ForgeConfigSpec/CORE]: Incorrect key kinetics.stressValues.v2.impact.speedometer was corrected from null to its default, 0.0. 
[08Nov2025 16:09:25.087] [Server thread/WARN] [net.minecraftforge.common.ForgeConfigSpec/CORE]: Incorrect key kinetics.stressValues.v2.impact.copper_backtank was corrected from null to its default, 4.0. 
[08Nov2025 16:09:25.088] [Server thread/WARN] [net.minecraftforge.common.ForgeConfigSpec/CORE]: Incorrect key kinetics.stressValues.v2.impact.mechanical_saw was corrected from null to its default, 4.0. 
[08Nov2025 16:09:25.088] [Server thread/WARN] [net.minecraftforge.common.ForgeConfigSpec/CORE]: Incorrect key kinetics.stressValues.v2.impact.flywheel was corrected from null to its default, 0.0. 
[08Nov2025 16:09:25.088] [Server thread/WARN] [net.minecraftforge.common.ForgeConfigSpec/CORE]: Incorrect key kinetics.stressValues.v2.impact.encased_chain_drive was corrected from null to its default, 0.0. 
[08Nov2025 16:09:25.090] [Server thread/WARN] [net.minecraftforge.common.ForgeConfigSpec/CORE]: Incorrect key kinetics.stressValues.v2.impact.clutch was corrected from null to its default, 0.0. 
[08Nov2025 16:09:25.090] [Server thread/WARN] [net.minecraftforge.common.ForgeConfigSpec/CORE]: Incorrect key kinetics.stressValues.v2.impact.encased_fan was corrected from null to its default, 2.0. 
[08Nov2025 16:09:25.092] [Server thread/WARN] [net.minecraftforge.common.ForgeConfigSpec/CORE]: Incorrect key kinetics.stressValues.v2.impact.adjustable_chain_gearshift was corrected from null to its default, 0.0. 
[08Nov2025 16:09:25.092] [Server thread/WARN] [net.minecraftforge.common.ForgeConfigSpec/CORE]: Incorrect key kinetics.stressValues.v2.impact.mechanical_pump was corrected from null to its default, 4.0. 
[08Nov2025 16:09:25.092] [Server thread/WARN] [net.minecraftforge.common.ForgeConfigSpec/CORE]: Incorrect key kinetics.stressValues.v2.impact.crushing_wheel was corrected from null to its default, 8.0. 
[08Nov2025 16:09:25.092] [Server thread/WARN] [net.minecraftforge.common.ForgeConfigSpec/CORE]: Incorrect key kinetics.stressValues.v2.impact.mechanical_mixer was corrected from null to its default, 4.0. 
[08Nov2025 16:09:25.092] [Server thread/WARN] [net.minecraftforge.common.ForgeConfigSpec/CORE]: Incorrect key kinetics.stressValues.v2.impact.gantry_shaft was corrected from null to its default, 0.0. 
[08Nov2025 16:09:25.093] [Server thread/WARN] [net.minecraftforge.common.ForgeConfigSpec/CORE]: Incorrect key kinetics.stressValues.v2.impact.rope_pulley was corrected from null to its default, 4.0. 
[08Nov2025 16:09:25.093] [Server thread/WARN] [net.minecraftforge.common.ForgeConfigSpec/CORE]: Incorrect key kinetics.stressValues.v2.impact.rotation_speed_controller was corrected from null to its default, 0.0. 
[08Nov2025 16:09:25.093] [Server thread/WARN] [net.minecraftforge.common.ForgeConfigSpec/CORE]: Incorrect key kinetics.stressValues.v2.impact.mechanical_arm was corrected from null to its default, 2.0. 
[08Nov2025 16:09:25.096] [Server thread/WARN] [net.minecraftforge.common.ForgeConfigSpec/CORE]: Incorrect key kinetics.stressValues.v2.impact.andesite_encased_shaft was corrected from null to its default, 0.0. 
[08Nov2025 16:09:25.096] [Server thread/WARN] [net.minecraftforge.common.ForgeConfigSpec/CORE]: Incorrect key kinetics.stressValues.v2.impact.mechanical_press was corrected from null to its default, 8.0. 
[08Nov2025 16:09:25.097] [Server thread/WARN] [net.minecraftforge.common.ForgeConfigSpec/CORE]: Incorrect key kinetics.stressValues.v2.impact.large_cogwheel was corrected from null to its default, 0.0. 
[08Nov2025 16:09:25.099] [Server thread/WARN] [net.minecraftforge.common.ForgeConfigSpec/CORE]: Incorrect key kinetics.stressValues.v2.impact.mechanical_drill was corrected from null to its default, 4.0. 
[08Nov2025 16:09:25.099] [Server thread/WARN] [net.minecraftforge.common.ForgeConfigSpec/CORE]: Incorrect key kinetics.stressValues.v2.impact.mysterious_cuckoo_clock was corrected from null to its default, 1.0. 
[08Nov2025 16:09:25.099] [Server thread/WARN] [net.minecraftforge.common.ForgeConfigSpec/CORE]: Incorrect key kinetics.stressValues.v2.impact.stressometer was corrected from null to its default, 0.0. 
[08Nov2025 16:09:25.099] [Server thread/WARN] [net.minecraftforge.common.ForgeConfigSpec/CORE]: Incorrect key kinetics.stressValues.v2.impact.shaft was corrected from null to its default, 0.0. 
[08Nov2025 16:09:25.099] [Server thread/WARN] [net.minecraftforge.common.ForgeConfigSpec/CORE]: Incorrect key kinetics.stressValues.v2.impact.brass_encased_shaft was corrected from null to its default, 0.0. 
[08Nov2025 16:09:25.100] [Server thread/WARN] [net.minecraftforge.common.ForgeConfigSpec/CORE]: Incorrect key kinetics.stressValues.v2.impact.gearshift was corrected from null to its default, 0.0. 
[08Nov2025 16:09:25.100] [Server thread/WARN] [net.minecraftforge.common.ForgeConfigSpec/CORE]: Incorrect key kinetics.stressValues.v2.impact.turntable was corrected from null to its default, 4.0. 
[08Nov2025 16:09:25.100] [Server thread/WARN] [net.minecraftforge.common.ForgeConfigSpec/CORE]: Incorrect key kinetics.stressValues.v2.impact.sticky_mechanical_piston was corrected from null to its default, 4.0. 
[08Nov2025 16:09:25.102] [Server thread/WARN] [net.minecraftforge.common.ForgeConfigSpec/CORE]: Incorrect key kinetics.stressValues.v2.impact.sequenced_gearshift was corrected from null to its default, 0.0. 
[08Nov2025 16:09:25.103] [Server thread/WARN] [net.minecraftforge.common.ForgeConfigSpec/CORE]: Incorrect key kinetics.stressValues.v2.impact.weighted_ejector was corrected from null to its default, 2.0. 
[08Nov2025 16:09:25.103] [Server thread/WARN] [net.minecraftforge.common.ForgeConfigSpec/CORE]: Incorrect key kinetics.stressValues.v2.impact.cogwheel was corrected from null to its default, 0.0. 
[08Nov2025 16:09:25.103] [Server thread/WARN] [net.minecraftforge.common.ForgeConfigSpec/CORE]: Incorrect key kinetics.stressValues.v2.impact.belt was corrected from null to its default, 1.0. 
[08Nov2025 16:09:25.104] [Server thread/WARN] [net.minecraftforge.common.ForgeConfigSpec/CORE]: Incorrect key kinetics.stressValues.v2.impact.gearbox was corrected from null to its default, 0.0. 
[08Nov2025 16:09:25.104] [Server thread/WARN] [net.minecraftforge.common.ForgeConfigSpec/CORE]: Incorrect key kinetics.stressValues.v2.impact.hose_pulley was corrected from null to its default, 4.0. 
[08Nov2025 16:09:25.104] [Server thread/WARN] [net.minecraftforge.common.ForgeConfigSpec/CORE]: Incorrect key kinetics.stressValues.v2.impact.mechanical_crafter was corrected from null to its default, 2.0. 
[08Nov2025 16:09:25.105] [Server thread/WARN] [net.minecraftforge.common.ForgeConfigSpec/CORE]: Incorrect key kinetics.stressValues.v2.capacity was corrected from null to its default, SimpleCommentedConfig:{}. 
[08Nov2025 16:09:25.105] [Server thread/WARN] [net.minecraftforge.common.ForgeConfigSpec/CORE]: Incorrect key kinetics.stressValues.v2.capacity.hand_crank was corrected from null to its default, 8.0. 
[08Nov2025 16:09:25.107] [Server thread/WARN] [net.minecraftforge.common.ForgeConfigSpec/CORE]: Incorrect key kinetics.stressValues.v2.capacity.furnace_engine was corrected from null to its default, 1024.0. 
[08Nov2025 16:09:25.107] [Server thread/WARN] [net.minecraftforge.common.ForgeConfigSpec/CORE]: Incorrect key kinetics.stressValues.v2.capacity.encased_fan was corrected from null to its default, 16.0. 
[08Nov2025 16:09:25.107] [Server thread/WARN] [net.minecraftforge.common.ForgeConfigSpec/CORE]: Incorrect key kinetics.stressValues.v2.capacity.creative_motor was corrected from null to its default, 16384.0. 
[08Nov2025 16:09:25.107] [Server thread/WARN] [net.minecraftforge.common.ForgeConfigSpec/CORE]: Incorrect key kinetics.stressValues.v2.capacity.water_wheel was corrected from null to its default, 16.0. 
[08Nov2025 16:09:25.107] [Server thread/WARN] [net.minecraftforge.common.ForgeConfigSpec/CORE]: Incorrect key kinetics.stressValues.v2.capacity.windmill_bearing was corrected from null to its default, 512.0. 
[08Nov2025 16:09:25.108] [Server thread/WARN] [net.minecraftforge.common.ForgeConfigSpec/CORE]: Incorrect key kinetics.stressValues.stats was corrected from null to its default, SimpleCommentedConfig:{}. 
[08Nov2025 16:09:25.108] [Server thread/WARN] [net.minecraftforge.common.ForgeConfigSpec/CORE]: Incorrect key kinetics.stressValues.stats.mediumSpeed was corrected from null to its default, 30.0. 
[08Nov2025 16:09:25.108] [Server thread/WARN] [net.minecraftforge.common.ForgeConfigSpec/CORE]: Incorrect key kinetics.stressValues.stats.fastSpeed was corrected from null to its default, 100.0. 
[08Nov2025 16:09:25.110] [Server thread/WARN] [net.minecraftforge.common.ForgeConfigSpec/CORE]: Incorrect key kinetics.stressValues.stats.mediumStressImpact was corrected from null to its default, 4.0. 
[08Nov2025 16:09:25.111] [Server thread/WARN] [net.minecraftforge.common.ForgeConfigSpec/CORE]: Incorrect key kinetics.stressValues.stats.highStressImpact was corrected from null to its default, 8.0. 
[08Nov2025 16:09:25.112] [Server thread/WARN] [net.minecraftforge.common.ForgeConfigSpec/CORE]: Incorrect key kinetics.stressValues.stats.mediumCapacity was corrected from null to its default, 128.0. 
[08Nov2025 16:09:25.114] [Server thread/WARN] [net.minecraftforge.common.ForgeConfigSpec/CORE]: Incorrect key kinetics.stressValues.stats.highCapacity was corrected from null to its default, 512.0. 
[08Nov2025 16:09:25.119] [Server thread/WARN] [net.minecraftforge.common.ForgeConfigSpec/CORE]: Incorrect key fluids was corrected from null to its default, SimpleCommentedConfig:{}. 
[08Nov2025 16:09:25.119] [Server thread/WARN] [net.minecraftforge.common.ForgeConfigSpec/CORE]: Incorrect key fluids.fluidTankCapacity was corrected from null to its default, 8. 
[08Nov2025 16:09:25.120] [Server thread/WARN] [net.minecraftforge.common.ForgeConfigSpec/CORE]: Incorrect key fluids.fluidTankMaxHeight was corrected from null to its default, 32. 
[08Nov2025 16:09:25.120] [Server thread/WARN] [net.minecraftforge.common.ForgeConfigSpec/CORE]: Incorrect key fluids.mechanicalPumpRange was corrected from null to its default, 16. 
[08Nov2025 16:09:25.120] [Server thread/WARN] [net.minecraftforge.common.ForgeConfigSpec/CORE]: Incorrect key fluids.hosePulleyBlockThreshold was corrected from null to its default, 10000. 
[08Nov2025 16:09:25.120] [Server thread/WARN] [net.minecraftforge.common.ForgeConfigSpec/CORE]: Incorrect key fluids.fillInfinite was corrected from null to its default, false. 
[08Nov2025 16:09:25.126] [Server thread/WARN] [net.minecraftforge.common.ForgeConfigSpec/CORE]: Incorrect key fluids.hosePulleyRange was corrected from null to its default, 128. 
[08Nov2025 16:09:25.126] [Server thread/WARN] [net.minecraftforge.common.ForgeConfigSpec/CORE]: Incorrect key fluids.placeFluidSourceBlocks was corrected from null to its default, true. 
[08Nov2025 16:09:25.130] [Server thread/WARN] [net.minecraftforge.common.ForgeConfigSpec/CORE]: Incorrect key logistics was corrected from null to its default, SimpleCommentedConfig:{}. 
[08Nov2025 16:09:25.131] [Server thread/WARN] [net.minecraftforge.common.ForgeConfigSpec/CORE]: Incorrect key logistics.defaultExtractionLimit was corrected from null to its default, 64. 
[08Nov2025 16:09:25.131] [Server thread/WARN] [net.minecraftforge.common.ForgeConfigSpec/CORE]: Incorrect key logistics.defaultExtractionTimer was corrected from null to its default, 8. 
[08Nov2025 16:09:25.136] [Server thread/WARN] [net.minecraftforge.common.ForgeConfigSpec/CORE]: Incorrect key logistics.psiTimeout was corrected from null to its default, 20. 
[08Nov2025 16:09:25.136] [Server thread/WARN] [net.minecraftforge.common.ForgeConfigSpec/CORE]: Incorrect key logistics.mechanicalArmRange was corrected from null to its default, 5. 
[08Nov2025 16:09:25.138] [Server thread/WARN] [net.minecraftforge.common.ForgeConfigSpec/CORE]: Incorrect key logistics.linkRange was corrected from null to its default, 128. 
[08Nov2025 16:09:25.143] [Server thread/WARN] [net.minecraftforge.common.ForgeConfigSpec/CORE]: Incorrect key schematics was corrected from null to its default, SimpleCommentedConfig:{}. 
[08Nov2025 16:09:25.143] [Server thread/WARN] [net.minecraftforge.common.ForgeConfigSpec/CORE]: Incorrect key schematics.creativePrintIncludesAir was corrected from null to its default, false. 
[08Nov2025 16:09:25.143] [Server thread/WARN] [net.minecraftforge.common.ForgeConfigSpec/CORE]: Incorrect key schematics.maxSchematics was corrected from null to its default, 256. 
[08Nov2025 16:09:25.144] [Server thread/WARN] [net.minecraftforge.common.ForgeConfigSpec/CORE]: Incorrect key schematics.maxSchematicPacketSize was corrected from null to its default, 1024. 
[08Nov2025 16:09:25.144] [Server thread/WARN] [net.minecraftforge.common.ForgeConfigSpec/CORE]: Incorrect key schematics.schematicIdleTimeout was corrected from null to its default, 600. 
[08Nov2025 16:09:25.147] [Server thread/WARN] [net.minecraftforge.common.ForgeConfigSpec/CORE]: Incorrect key schematics.schematicannon was corrected from null to its default, SimpleCommentedConfig:{}. 
[08Nov2025 16:09:25.148] [Server thread/WARN] [net.minecraftforge.common.ForgeConfigSpec/CORE]: Incorrect key schematics.schematicannon.schematicannonDelay was corrected from null to its default, 10. 
[08Nov2025 16:09:25.148] [Server thread/WARN] [net.minecraftforge.common.ForgeConfigSpec/CORE]: Incorrect key schematics.schematicannon.schematicannonSkips was corrected from null to its default, 10. 
[08Nov2025 16:09:25.149] [Server thread/WARN] [net.minecraftforge.common.ForgeConfigSpec/CORE]: Incorrect key schematics.schematicannon.schematicannonGunpowderWorth was corrected from null to its default, 20.0. 
[08Nov2025 16:09:25.149] [Server thread/WARN] [net.minecraftforge.common.ForgeConfigSpec/CORE]: Incorrect key schematics.schematicannon.schematicannonFuelUsage was corrected from null to its default, 0.05000000074505806. 
[08Nov2025 16:09:25.154] [Server thread/WARN] [net.minecraftforge.common.ForgeConfigSpec/CORE]: Incorrect key curiosities was corrected from null to its default, SimpleCommentedConfig:{}. 
[08Nov2025 16:09:25.154] [Server thread/WARN] [net.minecraftforge.common.ForgeConfigSpec/CORE]: Incorrect key curiosities.maxSymmetryWandRange was corrected from null to its default, 50. 
[08Nov2025 16:09:25.155] [Server thread/WARN] [net.minecraftforge.common.ForgeConfigSpec/CORE]: Incorrect key curiosities.placementAssistRange was corrected from null to its default, 12. 
[08Nov2025 16:09:25.155] [Server thread/WARN] [net.minecraftforge.common.ForgeConfigSpec/CORE]: Incorrect key curiosities.toolboxRange was corrected from null to its default, 10. 
[08Nov2025 16:09:25.156] [Server thread/WARN] [net.minecraftforge.common.ForgeConfigSpec/CORE]: Incorrect key curiosities.airInBacktank was corrected from null to its default, 900. 
[08Nov2025 16:09:25.156] [Server thread/WARN] [net.minecraftforge.common.ForgeConfigSpec/CORE]: Incorrect key curiosities.enchantedBacktankCapacity was corrected from null to its default, 300. 
[08Nov2025 16:09:25.157] [Server thread/WARN] [net.minecraftforge.common.ForgeConfigSpec/CORE]: Incorrect key curiosities.maxExtendoGripActions was corrected from null to its default, 1000. 
[08Nov2025 16:09:25.157] [Server thread/WARN] [net.minecraftforge.common.ForgeConfigSpec/CORE]: Incorrect key curiosities.maxPotatoCannonShots was corrected from null to its default, 200. 
[08Nov2025 16:09:25.161] [Server thread/WARN] [net.minecraftforge.common.ForgeConfigSpec/CORE]: Configuration file ./world/serverconfig/securitycraft-server.toml is not correct. Correcting
[08Nov2025 16:09:25.162] [Server thread/WARN] [net.minecraftforge.common.ForgeConfigSpec/CORE]: Incorrect key codebreaker_chance was corrected from null to its default, 0.33. 
[08Nov2025 16:09:25.163] [Server thread/WARN] [net.minecraftforge.common.ForgeConfigSpec/CORE]: Incorrect key allowAdminTool was corrected from null to its default, true. 
[08Nov2025 16:09:25.164] [Server thread/WARN] [net.minecraftforge.common.ForgeConfigSpec/CORE]: Incorrect key shouldSpawnFire was corrected from null to its default, true. 
[08Nov2025 16:09:25.165] [Server thread/WARN] [net.minecraftforge.common.ForgeConfigSpec/CORE]: Incorrect key smallerMineExplosion was corrected from null to its default, false. 
[08Nov2025 16:09:25.166] [Server thread/WARN] [net.minecraftforge.common.ForgeConfigSpec/CORE]: Incorrect key mineExplodesWhenInCreative was corrected from null to its default, true. 
[08Nov2025 16:09:25.167] [Server thread/WARN] [net.minecraftforge.common.ForgeConfigSpec/CORE]: Incorrect key mineExplosionsBreakBlocks was corrected from null to its default, true. 
[08Nov2025 16:09:25.169] [Server thread/WARN] [net.minecraftforge.common.ForgeConfigSpec/CORE]: Incorrect key laserBlockRange was corrected from null to its default, 5. 
[08Nov2025 16:09:25.170] [Server thread/WARN] [net.minecraftforge.common.ForgeConfigSpec/CORE]: Incorrect key inventoryScannerRange was corrected from null to its default, 3. 
[08Nov2025 16:09:25.171] [Server thread/WARN] [net.minecraftforge.common.ForgeConfigSpec/CORE]: Incorrect key maxAlarmRange was corrected from null to its default, 100. 
[08Nov2025 16:09:25.172] [Server thread/WARN] [net.minecraftforge.common.ForgeConfigSpec/CORE]: Incorrect key allowBlockClaim was corrected from null to its default, false. 
[08Nov2025 16:09:25.173] [Server thread/WARN] [net.minecraftforge.common.ForgeConfigSpec/CORE]: Incorrect key reinforced_block_tint was corrected from null to its default, true. 
[08Nov2025 16:09:25.175] [Server thread/WARN] [net.minecraftforge.common.ForgeConfigSpec/CORE]: Incorrect key force_reinforced_block_tint was corrected from null to its default, false. 
[08Nov2025 16:09:25.176] [Server thread/WARN] [net.minecraftforge.common.ForgeConfigSpec/CORE]: Incorrect key retinalScannerFace was corrected from null to its default, true. 
[08Nov2025 16:09:25.177] [Server thread/WARN] [net.minecraftforge.common.ForgeConfigSpec/CORE]: Incorrect key enable_team_ownership was corrected from null to its default, false. 
[08Nov2025 16:09:25.179] [Server thread/WARN] [net.minecraftforge.common.ForgeConfigSpec/CORE]: Incorrect key team_ownership_precedence was corrected from null to its default, [FTB_TEAMS, VANILLA]. 
[08Nov2025 16:09:25.180] [Server thread/WARN] [net.minecraftforge.common.ForgeConfigSpec/CORE]: Incorrect key disable_thanks_message was corrected from null to its default, false. 
[08Nov2025 16:09:25.181] [Server thread/WARN] [net.minecraftforge.common.ForgeConfigSpec/CORE]: Incorrect key trick_scanners_with_player_heads was corrected from null to its default, false. 
[08Nov2025 16:09:25.183] [Server thread/WARN] [net.minecraftforge.common.ForgeConfigSpec/CORE]: Incorrect key prevent_reinforced_floor_glitching was corrected from null to its default, false. 
[08Nov2025 16:09:25.184] [Server thread/WARN] [net.minecraftforge.common.ForgeConfigSpec/CORE]: Incorrect key taser_damage was corrected from null to its default, 1.0. 
[08Nov2025 16:09:25.186] [Server thread/WARN] [net.minecraftforge.common.ForgeConfigSpec/CORE]: Incorrect key powered_taser_damage was corrected from null to its default, 2.0. 
[08Nov2025 16:09:25.188] [Server thread/WARN] [net.minecraftforge.common.ForgeConfigSpec/CORE]: Incorrect key taser_effects was corrected from null to its default, [minecraft:weakness|200|2, minecraft:nausea|200|2, minecraft:slowness|200|2]. 
[08Nov2025 16:09:25.190] [Server thread/WARN] [net.minecraftforge.common.ForgeConfigSpec/CORE]: Incorrect key powered_taser_effects was corrected from null to its default, [minecraft:weakness|400|5, minecraft:nausea|400|5, minecraft:slowness|400|5]. 
[08Nov2025 16:09:25.191] [Server thread/WARN] [net.minecraftforge.common.ForgeConfigSpec/CORE]: Incorrect key laser_damage was corrected from null to its default, 10.0. 
[08Nov2025 16:09:25.192] [Server thread/WARN] [net.minecraftforge.common.ForgeConfigSpec/CORE]: Incorrect key incorrectPasscodeDamage was corrected from null to its default, 4. 
[08Nov2025 16:09:25.195] [Server thread/WARN] [net.minecraftforge.common.ForgeConfigSpec/CORE]: Incorrect key sentry_bullet_damage was corrected from null to its default, 2. 
[08Nov2025 16:09:25.198] [Server thread/WARN] [net.minecraftforge.common.ForgeConfigSpec/CORE]: Incorrect key reinforced_suffocation_damage was corrected from null to its default, 5. 
[08Nov2025 16:09:25.200] [Server thread/WARN] [net.minecraftforge.common.ForgeConfigSpec/CORE]: Incorrect key allow_camera_night_vision was corrected from null to its default, true. 
[08Nov2025 16:09:25.203] [Server thread/WARN] [net.minecraftforge.common.ForgeConfigSpec/CORE]: Incorrect key passcode_check_cooldown was corrected from null to its default, 250. 
[08Nov2025 16:09:25.205] [Server thread/WARN] [net.minecraftforge.common.ForgeConfigSpec/CORE]: Incorrect key passcode_spam_log_warning_enabled was corrected from null to its default, true. 
[08Nov2025 16:09:25.208] [Server thread/WARN] [net.minecraftforge.common.ForgeConfigSpec/CORE]: Incorrect key passcode_spam_log_warning was corrected from null to its default, Player "%1$s" tried to enter a passcode into "%2$s" at position [%3$s] too quickly!. 
[08Nov2025 16:09:25.213] [Server thread/WARN] [net.minecraftforge.common.ForgeConfigSpec/CORE]: Incorrect key in_world_un_reinforcing was corrected from null to its default, true. 
[08Nov2025 16:09:25.215] [Server thread/WARN] [net.minecraftforge.common.ForgeConfigSpec/CORE]: Incorrect key frame_feed_viewing_enabled was corrected from null to its default, true. 
[08Nov2025 16:09:25.222] [Server thread/WARN] [net.minecraftforge.common.ForgeConfigSpec/CORE]: Incorrect key frame_feed_view_distance was corrected from null to its default, 16. 
[08Nov2025 16:09:25.224] [Server thread/WARN] [net.minecraftforge.common.ForgeConfigSpec/CORE]: Incorrect key frame_feed_forceloading_limit was corrected from null to its default, -1. 
[08Nov2025 16:09:25.228] [Server thread/WARN] [net.minecraftforge.common.ForgeConfigSpec/CORE]: Incorrect key vanilla_tool_block_breaking was corrected from null to its default, true. 
[08Nov2025 16:09:25.232] [Server thread/WARN] [net.minecraftforge.common.ForgeConfigSpec/CORE]: Incorrect key always_drop was corrected from null to its default, true. 
[08Nov2025 16:09:25.235] [Server thread/WARN] [net.minecraftforge.common.ForgeConfigSpec/CORE]: Incorrect key allow_breaking_non_owned_blocks was corrected from null to its default, false. 
[08Nov2025 16:09:25.243] [Server thread/WARN] [net.minecraftforge.common.ForgeConfigSpec/CORE]: Incorrect key non_owned_breaking_slowdown was corrected from null to its default, 1.0. 
[08Nov2025 16:09:25.248] [Server thread/WARN] [net.minecraftforge.common.ForgeConfigSpec/CORE]: Incorrect key sentry_attackable_entities_allowlist was corrected from null to its default, []. 
[08Nov2025 16:09:25.253] [Server thread/WARN] [net.minecraftforge.common.ForgeConfigSpec/CORE]: Incorrect key sentry_attackable_entities_denylist was corrected from null to its default, []. 
[08Nov2025 16:09:25.267] [Server thread/WARN] [net.minecraftforge.common.ForgeConfigSpec/CORE]: Configuration file ./world/serverconfig/vehicle-server.toml is not correct. Correcting
[08Nov2025 16:09:25.268] [Server thread/WARN] [net.minecraftforge.common.ForgeConfigSpec/CORE]: Incorrect key common was corrected from null to its default, SimpleCommentedConfig:{}. 
[08Nov2025 16:09:25.268] [Server thread/WARN] [net.minecraftforge.common.ForgeConfigSpec/CORE]: Incorrect key common.general was corrected from null to its default, SimpleCommentedConfig:{}. 
[08Nov2025 16:09:25.269] [Server thread/WARN] [net.minecraftforge.common.ForgeConfigSpec/CORE]: Incorrect key common.general.fuelEnabled was corrected from null to its default, true. 
[08Nov2025 16:09:25.269] [Server thread/WARN] [net.minecraftforge.common.ForgeConfigSpec/CORE]: Incorrect key common.general.vehicleDamage was corrected from null to its default, true. 
[08Nov2025 16:09:25.270] [Server thread/WARN] [net.minecraftforge.common.ForgeConfigSpec/CORE]: Incorrect key common.general.pickUpVehicles was corrected from null to its default, true. 
[08Nov2025 16:09:25.270] [Server thread/WARN] [net.minecraftforge.common.ForgeConfigSpec/CORE]: Incorrect key common.general.fuelConsumptionModifier was corrected from null to its default, 1.0. 
[08Nov2025 16:09:25.271] [Server thread/WARN] [net.minecraftforge.common.ForgeConfigSpec/CORE]: Incorrect key common.trailer was corrected from null to its default, SimpleCommentedConfig:{}. 
[08Nov2025 16:09:25.271] [Server thread/WARN] [net.minecraftforge.common.ForgeConfigSpec/CORE]: Incorrect key common.trailer.trailerDetachThreshold was corrected from null to its default, 6.0. 
[08Nov2025 16:09:25.271] [Server thread/WARN] [net.minecraftforge.common.ForgeConfigSpec/CORE]: Incorrect key common.trailer.trailerSyncCooldown was corrected from null to its default, 100. 
[08Nov2025 16:09:25.271] [Server thread/WARN] [net.minecraftforge.common.ForgeConfigSpec/CORE]: Incorrect key common.trailer.trailerInventorySyncCooldown was corrected from null to its default, 20. 
[08Nov2025 16:09:25.272] [Server thread/WARN] [net.minecraftforge.common.ForgeConfigSpec/CORE]: Incorrect key common.blocks was corrected from null to its default, SimpleCommentedConfig:{}. 
[08Nov2025 16:09:25.272] [Server thread/WARN] [net.minecraftforge.common.ForgeConfigSpec/CORE]: Incorrect key common.blocks.gas_pump was corrected from null to its default, SimpleCommentedConfig:{}. 
[08Nov2025 16:09:25.272] [Server thread/WARN] [net.minecraftforge.common.ForgeConfigSpec/CORE]: Incorrect key common.blocks.gas_pump.maxHoseDistance was corrected from null to its default, 6.0. 
[08Nov2025 16:09:25.272] [Server thread/WARN] [net.minecraftforge.common.ForgeConfigSpec/CORE]: Incorrect key common.blocks.gas_pump.gasPumpCapacity was corrected from null to its default, 50000. 
[08Nov2025 16:09:25.272] [Server thread/WARN] [net.minecraftforge.common.ForgeConfigSpec/CORE]: Incorrect key common.blocks.fluid_pipe was corrected from null to its default, SimpleCommentedConfig:{}. 
[08Nov2025 16:09:25.274] [Server thread/WARN] [net.minecraftforge.common.ForgeConfigSpec/CORE]: Incorrect key common.blocks.fluid_pipe.pipeTransferAmount was corrected from null to its default, 50. 
[08Nov2025 16:09:25.274] [Server thread/WARN] [net.minecraftforge.common.ForgeConfigSpec/CORE]: Incorrect key common.blocks.fluid_pipe.pipeCapacity was corrected from null to its default, 500. 
[08Nov2025 16:09:25.275] [Server thread/WARN] [net.minecraftforge.common.ForgeConfigSpec/CORE]: Incorrect key common.blocks.fluid_pump was corrected from null to its default, SimpleCommentedConfig:{}. 
[08Nov2025 16:09:25.276] [Server thread/WARN] [net.minecraftforge.common.ForgeConfigSpec/CORE]: Incorrect key common.blocks.fluid_pump.pumpTransferAmount was corrected from null to its default, 50. 
[08Nov2025 16:09:25.276] [Server thread/WARN] [net.minecraftforge.common.ForgeConfigSpec/CORE]: Incorrect key common.blocks.fluid_pump.pumpCapacity was corrected from null to its default, 500. 
[08Nov2025 16:09:25.276] [Server thread/WARN] [net.minecraftforge.common.ForgeConfigSpec/CORE]: Incorrect key common.blocks.fluid_extractor was corrected from null to its default, SimpleCommentedConfig:{}. 
[08Nov2025 16:09:25.278] [Server thread/WARN] [net.minecraftforge.common.ForgeConfigSpec/CORE]: Incorrect key common.blocks.fluid_extractor.extractorExtractTime was corrected from null to its default, 600. 
[08Nov2025 16:09:25.279] [Server thread/WARN] [net.minecraftforge.common.ForgeConfigSpec/CORE]: Incorrect key common.blocks.fluid_extractor.extractorCapacity was corrected from null to its default, 5000. 
[08Nov2025 16:09:25.279] [Server thread/WARN] [net.minecraftforge.common.ForgeConfigSpec/CORE]: Incorrect key common.blocks.fluid_mixer was corrected from null to its default, SimpleCommentedConfig:{}. 
[08Nov2025 16:09:25.280] [Server thread/WARN] [net.minecraftforge.common.ForgeConfigSpec/CORE]: Incorrect key common.blocks.fluid_mixer.mixerMixTime was corrected from null to its default, 100. 
[08Nov2025 16:09:25.280] [Server thread/WARN] [net.minecraftforge.common.ForgeConfigSpec/CORE]: Incorrect key common.blocks.fluid_mixer.mixerInputCapacity was corrected from null to its default, 5000. 
[08Nov2025 16:09:25.281] [Server thread/WARN] [net.minecraftforge.common.ForgeConfigSpec/CORE]: Incorrect key common.blocks.fluid_mixer.mixerOutputCapacity was corrected from null to its default, 10000. 
[08Nov2025 16:09:25.281] [Server thread/WARN] [net.minecraftforge.common.ForgeConfigSpec/CORE]: Incorrect key common.blocks.fuel_drum was corrected from null to its default, SimpleCommentedConfig:{}. 
[08Nov2025 16:09:25.282] [Server thread/WARN] [net.minecraftforge.common.ForgeConfigSpec/CORE]: Incorrect key common.blocks.fuel_drum.fuelDrumCapacity was corrected from null to its default, 40000. 
[08Nov2025 16:09:25.282] [Server thread/WARN] [net.minecraftforge.common.ForgeConfigSpec/CORE]: Incorrect key common.blocks.fuel_drum.industrialFuelDrumCapacity was corrected from null to its default, 75000. 
[08Nov2025 16:09:25.290] [Server thread/WARN] [net.minecraftforge.common.ForgeConfigSpec/CORE]: Configuration file ./world/serverconfig/forge-server.toml is not correct. Correcting
[08Nov2025 16:09:25.292] [Server thread/WARN] [net.minecraftforge.common.ForgeConfigSpec/CORE]: Incorrect key server was corrected from null to its default, SimpleCommentedConfig:{}. 
[08Nov2025 16:09:25.292] [Server thread/WARN] [net.minecraftforge.common.ForgeConfigSpec/CORE]: Incorrect key server.removeErroringEntities was corrected from null to its default, false. 
[08Nov2025 16:09:25.293] [Server thread/WARN] [net.minecraftforge.common.ForgeConfigSpec/CORE]: Incorrect key server.removeErroringTileEntities was corrected from null to its default, false. 
[08Nov2025 16:09:25.294] [Server thread/WARN] [net.minecraftforge.common.ForgeConfigSpec/CORE]: Incorrect key server.fullBoundingBoxLadders was corrected from null to its default, false. 
[08Nov2025 16:09:25.299] [Server thread/WARN] [net.minecraftforge.common.ForgeConfigSpec/CORE]: Incorrect key server.zombieBaseSummonChance was corrected from null to its default, 0.1. 
[08Nov2025 16:09:25.299] [Server thread/WARN] [net.minecraftforge.common.ForgeConfigSpec/CORE]: Incorrect key server.zombieBabyChance was corrected from null to its default, 0.05. 
[08Nov2025 16:09:25.300] [Server thread/WARN] [net.minecraftforge.common.ForgeConfigSpec/CORE]: Incorrect key server.logCascadingWorldGeneration was corrected from null to its default, true. 
[08Nov2025 16:09:25.300] [Server thread/WARN] [net.minecraftforge.common.ForgeConfigSpec/CORE]: Incorrect key server.fixVanillaCascading was corrected from null to its default, false. 
[08Nov2025 16:09:25.300] [Server thread/WARN] [net.minecraftforge.common.ForgeConfigSpec/CORE]: Incorrect key server.dimensionUnloadQueueDelay was corrected from null to its default, 0. 
[08Nov2025 16:09:25.304] [Server thread/WARN] [net.minecraftforge.common.ForgeConfigSpec/CORE]: Incorrect key server.treatEmptyTagsAsAir was corrected from null to its default, false. 
[08Nov2025 16:09:25.305] [Server thread/WARN] [net.minecraftforge.common.ForgeConfigSpec/CORE]: Incorrect key server.fixAdvancementLoading was corrected from null to its default, true. 
[08Nov2025 16:09:25.309] [Server thread/WARN] [net.minecraftforge.common.ForgeConfigSpec/CORE]: Configuration file ./world/serverconfig/corpse-server.toml is not correct. Correcting
[08Nov2025 16:09:25.311] [Server thread/WARN] [net.minecraftforge.common.ForgeConfigSpec/CORE]: Incorrect key corpse was corrected from null to its default, SimpleCommentedConfig:{}. 
[08Nov2025 16:09:25.311] [Server thread/WARN] [net.minecraftforge.common.ForgeConfigSpec/CORE]: Incorrect key corpse.access was corrected from null to its default, SimpleCommentedConfig:{}. 
[08Nov2025 16:09:25.312] [Server thread/WARN] [net.minecraftforge.common.ForgeConfigSpec/CORE]: Incorrect key corpse.access.only_owner was corrected from null to its default, false. 
[08Nov2025 16:09:25.313] [Server thread/WARN] [net.minecraftforge.common.ForgeConfigSpec/CORE]: Incorrect key corpse.access.skeleton was corrected from null to its default, false. 
[08Nov2025 16:09:25.313] [Server thread/WARN] [net.minecraftforge.common.ForgeConfigSpec/CORE]: Incorrect key corpse.despawn was corrected from null to its default, SimpleCommentedConfig:{}. 
[08Nov2025 16:09:25.314] [Server thread/WARN] [net.minecraftforge.common.ForgeConfigSpec/CORE]: Incorrect key corpse.despawn.time was corrected from null to its default, 600. 
[08Nov2025 16:09:25.316] [Server thread/WARN] [net.minecraftforge.common.ForgeConfigSpec/CORE]: Incorrect key corpse.despawn.force_time was corrected from null to its default, -1. 
[08Nov2025 16:09:25.317] [Server thread/WARN] [net.minecraftforge.common.ForgeConfigSpec/CORE]: Incorrect key corpse.skeleton_time was corrected from null to its default, 72000. 
[08Nov2025 16:09:25.317] [Server thread/WARN] [net.minecraftforge.common.ForgeConfigSpec/CORE]: Incorrect key corpse.lie_on_face was corrected from null to its default, false. 
[08Nov2025 16:09:25.318] [Server thread/WARN] [net.minecraftforge.common.ForgeConfigSpec/CORE]: Incorrect key corpse.show_equipment was corrected from null to its default, true. 
[08Nov2025 16:09:25.318] [Server thread/WARN] [net.minecraftforge.common.ForgeConfigSpec/CORE]: Incorrect key corpse.fall_into_void was corrected from null to its default, false. 
[08Nov2025 16:09:25.319] [Server thread/WARN] [net.minecraftforge.common.ForgeConfigSpec/CORE]: Incorrect key corpse.lava_damage was corrected from null to its default, false. 
[08Nov2025 16:09:25.321] [Server thread/WARN] [net.minecraftforge.common.ForgeConfigSpec/CORE]: Incorrect key death_storage_duration was corrected from null to its default, -1. 
[08Nov2025 16:09:25.329] [Server thread/WARN] [net.minecraftforge.common.ForgeConfigSpec/CORE]: Configuration file ./world/serverconfig/jei-server.toml is not correct. Correcting
[08Nov2025 16:09:25.330] [Server thread/WARN] [net.minecraftforge.common.ForgeConfigSpec/CORE]: Incorrect key cheat mode was corrected from null to its default, SimpleCommentedConfig:{}. 
[08Nov2025 16:09:25.330] [Server thread/WARN] [net.minecraftforge.common.ForgeConfigSpec/CORE]: Incorrect key cheat mode.enableCheatModeForOp was corrected from null to its default, true. 
[08Nov2025 16:09:25.330] [Server thread/WARN] [net.minecraftforge.common.ForgeConfigSpec/CORE]: Incorrect key cheat mode.enableCheatModeForCreative was corrected from null to its default, true. 
[08Nov2025 16:09:25.330] [Server thread/WARN] [net.minecraftforge.common.ForgeConfigSpec/CORE]: Incorrect key cheat mode.enableCheatModeForGive was corrected from null to its default, false. 
[08Nov2025 16:09:25.339] [Server thread/INFO] [ModernFix/]: Starting locating executor service with thread pool size of 1
[08Nov2025 16:09:25.477] [Server thread/INFO] [net.minecraft.server.dedicated.DedicatedServer/]: Preparing level "world"
[08Nov2025 16:09:29.324] [Server thread/INFO] [voicechat/]: [voicechat] Successfully migrated config voicechat-server.toml
[08Nov2025 16:09:29.373] [Server thread/INFO] [net.minecraft.server.MinecraftServer/]: Preparing start region for dimension minecraft:overworld
[08Nov2025 16:09:29.586] [Worker-Main-1/INFO] [net.minecraft.world.chunk.listener.LoggingChunkStatusListener/]: Preparing spawn area: 0%
[08Nov2025 16:09:29.887] [Worker-Main-1/INFO] [net.minecraft.world.chunk.listener.LoggingChunkStatusListener/]: Preparing spawn area: 0%
[08Nov2025 16:09:30.483] [Worker-Main-1/INFO] [net.minecraft.world.chunk.listener.LoggingChunkStatusListener/]: Preparing spawn area: 0%
[08Nov2025 16:09:30.876] [Worker-Main-1/INFO] [net.minecraft.world.chunk.listener.LoggingChunkStatusListener/]: Preparing spawn area: 0%
[08Nov2025 16:09:31.379] [Worker-Main-1/INFO] [net.minecraft.world.chunk.listener.LoggingChunkStatusListener/]: Preparing spawn area: 1%
[08Nov2025 16:09:31.877] [Worker-Main-1/INFO] [net.minecraft.world.chunk.listener.LoggingChunkStatusListener/]: Preparing spawn area: 3%
[08Nov2025 16:09:32.378] [Worker-Main-1/INFO] [net.minecraft.world.chunk.listener.LoggingChunkStatusListener/]: Preparing spawn area: 4%
[08Nov2025 16:09:32.874] [Worker-Main-1/INFO] [net.minecraft.world.chunk.listener.LoggingChunkStatusListener/]: Preparing spawn area: 5%
[08Nov2025 16:09:33.380] [Worker-Main-1/INFO] [net.minecraft.world.chunk.listener.LoggingChunkStatusListener/]: Preparing spawn area: 7%
[08Nov2025 16:09:33.889] [Worker-Main-1/INFO] [net.minecraft.world.chunk.listener.LoggingChunkStatusListener/]: Preparing spawn area: 9%
[08Nov2025 16:09:34.374] [Worker-Main-1/INFO] [net.minecraft.world.chunk.listener.LoggingChunkStatusListener/]: Preparing spawn area: 10%
[08Nov2025 16:09:34.878] [Worker-Main-1/INFO] [net.minecraft.world.chunk.listener.LoggingChunkStatusListener/]: Preparing spawn area: 12%
[08Nov2025 16:09:35.486] [Worker-Main-1/INFO] [net.minecraft.world.chunk.listener.LoggingChunkStatusListener/]: Preparing spawn area: 13%
[08Nov2025 16:09:35.875] [Worker-Main-1/INFO] [net.minecraft.world.chunk.listener.LoggingChunkStatusListener/]: Preparing spawn area: 15%
[08Nov2025 16:09:36.401] [Worker-Main-1/INFO] [net.minecraft.world.chunk.listener.LoggingChunkStatusListener/]: Preparing spawn area: 16%
[08Nov2025 16:09:36.884] [Worker-Main-1/INFO] [net.minecraft.world.chunk.listener.LoggingChunkStatusListener/]: Preparing spawn area: 17%
[08Nov2025 16:09:37.422] [Worker-Main-1/INFO] [net.minecraft.world.chunk.listener.LoggingChunkStatusListener/]: Preparing spawn area: 19%
[08Nov2025 16:09:37.875] [Worker-Main-1/INFO] [net.minecraft.world.chunk.listener.LoggingChunkStatusListener/]: Preparing spawn area: 22%
[08Nov2025 16:09:38.382] [Worker-Main-1/INFO] [net.minecraft.world.chunk.listener.LoggingChunkStatusListener/]: Preparing spawn area: 24%
[08Nov2025 16:09:38.960] [Worker-Main-1/INFO] [net.minecraft.world.chunk.listener.LoggingChunkStatusListener/]: Preparing spawn area: 25%
[08Nov2025 16:09:39.375] [Worker-Main-1/INFO] [net.minecraft.world.chunk.listener.LoggingChunkStatusListener/]: Preparing spawn area: 28%
[08Nov2025 16:09:39.899] [Worker-Main-1/INFO] [net.minecraft.world.chunk.listener.LoggingChunkStatusListener/]: Preparing spawn area: 30%
[08Nov2025 16:09:40.378] [Worker-Main-1/INFO] [net.minecraft.world.chunk.listener.LoggingChunkStatusListener/]: Preparing spawn area: 31%
[08Nov2025 16:09:40.875] [Worker-Main-1/INFO] [net.minecraft.world.chunk.listener.LoggingChunkStatusListener/]: Preparing spawn area: 32%
[08Nov2025 16:09:41.403] [Worker-Main-1/INFO] [net.minecraft.world.chunk.listener.LoggingChunkStatusListener/]: Preparing spawn area: 33%
[08Nov2025 16:09:41.876] [Worker-Main-1/INFO] [net.minecraft.world.chunk.listener.LoggingChunkStatusListener/]: Preparing spawn area: 34%
[08Nov2025 16:09:42.456] [Worker-Main-1/INFO] [net.minecraft.world.chunk.listener.LoggingChunkStatusListener/]: Preparing spawn area: 36%
[08Nov2025 16:09:42.895] [Worker-Main-1/INFO] [net.minecraft.world.chunk.listener.LoggingChunkStatusListener/]: Preparing spawn area: 39%
[08Nov2025 16:09:43.494] [Worker-Main-1/INFO] [net.minecraft.world.chunk.listener.LoggingChunkStatusListener/]: Preparing spawn area: 42%
[08Nov2025 16:09:43.876] [Worker-Main-1/INFO] [net.minecraft.world.chunk.listener.LoggingChunkStatusListener/]: Preparing spawn area: 44%
[08Nov2025 16:09:44.403] [Worker-Main-1/INFO] [net.minecraft.world.chunk.listener.LoggingChunkStatusListener/]: Preparing spawn area: 45%
[08Nov2025 16:09:44.890] [Worker-Main-1/INFO] [net.minecraft.world.chunk.listener.LoggingChunkStatusListener/]: Preparing spawn area: 48%
[08Nov2025 16:09:45.374] [Worker-Main-1/INFO] [net.minecraft.world.chunk.listener.LoggingChunkStatusListener/]: Preparing spawn area: 51%
[08Nov2025 16:09:45.885] [Worker-Main-1/INFO] [net.minecraft.world.chunk.listener.LoggingChunkStatusListener/]: Preparing spawn area: 54%
[08Nov2025 16:09:46.374] [Worker-Main-1/INFO] [net.minecraft.world.chunk.listener.LoggingChunkStatusListener/]: Preparing spawn area: 57%
[08Nov2025 16:09:46.875] [Worker-Main-1/INFO] [net.minecraft.world.chunk.listener.LoggingChunkStatusListener/]: Preparing spawn area: 59%
[08Nov2025 16:09:47.461] [Worker-Main-1/INFO] [net.minecraft.world.chunk.listener.LoggingChunkStatusListener/]: Preparing spawn area: 63%
[08Nov2025 16:09:47.899] [Worker-Main-1/INFO] [net.minecraft.world.chunk.listener.LoggingChunkStatusListener/]: Preparing spawn area: 66%
[08Nov2025 16:09:48.374] [Worker-Main-1/INFO] [net.minecraft.world.chunk.listener.LoggingChunkStatusListener/]: Preparing spawn area: 69%
[08Nov2025 16:09:48.888] [Worker-Main-1/INFO] [net.minecraft.world.chunk.listener.LoggingChunkStatusListener/]: Preparing spawn area: 71%
[08Nov2025 16:09:49.387] [Worker-Main-1/INFO] [net.minecraft.world.chunk.listener.LoggingChunkStatusListener/]: Preparing spawn area: 75%
[08Nov2025 16:09:49.937] [Worker-Main-1/INFO] [net.minecraft.world.chunk.listener.LoggingChunkStatusListener/]: Preparing spawn area: 78%
[08Nov2025 16:09:51.358] [Worker-Main-1/INFO] [net.minecraft.world.chunk.listener.LoggingChunkStatusListener/]: Preparing spawn area: 82%
[08Nov2025 16:09:51.359] [Worker-Main-1/INFO] [net.minecraft.world.chunk.listener.LoggingChunkStatusListener/]: Preparing spawn area: 82%
[08Nov2025 16:09:51.377] [Worker-Main-1/INFO] [net.minecraft.world.chunk.listener.LoggingChunkStatusListener/]: Preparing spawn area: 82%
[08Nov2025 16:09:51.894] [Worker-Main-1/INFO] [net.minecraft.world.chunk.listener.LoggingChunkStatusListener/]: Preparing spawn area: 84%
[08Nov2025 16:09:52.388] [Worker-Main-1/INFO] [net.minecraft.world.chunk.listener.LoggingChunkStatusListener/]: Preparing spawn area: 86%
[08Nov2025 16:09:52.875] [Worker-Main-1/INFO] [net.minecraft.world.chunk.listener.LoggingChunkStatusListener/]: Preparing spawn area: 91%
[08Nov2025 16:09:53.376] [Worker-Main-1/INFO] [net.minecraft.world.chunk.listener.LoggingChunkStatusListener/]: Preparing spawn area: 94%
[08Nov2025 16:09:53.889] [Worker-Main-1/INFO] [net.minecraft.world.chunk.listener.LoggingChunkStatusListener/]: Preparing spawn area: 96%
[08Nov2025 16:09:54.175] [Server thread/INFO] [net.minecraft.world.chunk.listener.LoggingChunkStatusListener/]: Time elapsed: 24802 ms
[08Nov2025 16:09:54.176] [Server thread/INFO] [net.minecraft.server.dedicated.DedicatedServer/]: Done (29.210s)! For help, type "help"
[08Nov2025 16:09:54.395] [Server thread/WARN] [voicechat/]: [voicechat] Running in offline mode - Voice chat encryption is not secure!
[08Nov2025 16:09:54.416] [Server thread/WARN] [ModernFix/]: Dedicated server took 89.397 seconds to load
[08Nov2025 16:09:54.430] [VoiceChatServerThread/INFO] [voicechat/]: [voicechat] Voice chat server started at port 24454
[08Nov2025 16:17:55.321] [Netty Epoll Server IO #2/WARN] [com.connectivity.Connectivity/]: Login payload for Registry minecraft:item is using 27.2822% of max allowed vanilla size
[08Nov2025 16:17:55.327] [Netty Epoll Server IO #2/WARN] [com.connectivity.Connectivity/]: Login payload for Registry minecraft:block is using 27.6029% of max allowed vanilla size
[08Nov2025 16:17:57.644] [Server thread/INFO] [net.minecraftforge.common.AdvancementLoadFix/]: Using new advancement loading for net.minecraft.advancements.PlayerAdvancements@27e02921
[08Nov2025 16:17:57.670] [Server thread/INFO] [net.minecraft.server.management.PlayerList/]: DonPepsi[/127.237.38.199:35141] logged in with entity id 136 at (71.5, 72.0, 70.5)
[08Nov2025 16:17:57.781] [Server thread/INFO] [net.minecraft.server.dedicated.DedicatedServer/]: DonPepsi joined the game
[08Nov2025 16:17:59.683] [Server thread/INFO] [Waila/]: Syncing config to DonPepsi (e0d20c28-ca64-36a8-a66c-94c168447d87)
[08Nov2025 16:17:59.713] [Server thread/INFO] [voicechat/]: [voicechat] Received secret request of DonPepsi (20)
[08Nov2025 16:17:59.716] [Server thread/INFO] [voicechat/]: [voicechat] Sent secret to DonPepsi
[08Nov2025 16:17:59.744] [Server thread/WARN] [net.minecraft.server.MinecraftServer/]: Can't keep up! Is the server overloaded? Running 2173ms or 43 ticks behind
[08Nov2025 16:18:28.282] [Server thread/INFO] [ModernFix/]: Shutting down locating executor service
[08Nov2025 16:18:28.291] [Server thread/INFO] [net.minecraft.server.MinecraftServer/]: Stopping server
[08Nov2025 16:18:28.294] [Server thread/INFO] [net.minecraft.server.MinecraftServer/]: Saving players
[08Nov2025 16:18:28.437] [Server thread/INFO] [net.minecraft.network.play.ServerPlayNetHandler/]: DonPepsi lost connection: Server closed
[08Nov2025 16:18:28.437] [Server thread/INFO] [net.minecraft.server.dedicated.DedicatedServer/]: DonPepsi left the game
[08Nov2025 16:18:28.504] [Server thread/INFO] [net.minecraft.server.MinecraftServer/]: Saving worlds
[08Nov2025 16:18:28.504] [Server thread/INFO] [net.minecraft.server.MinecraftServer/]: Saving chunks for level 'ServerLevel[world]'/minecraft:overworld
[08Nov2025 16:18:30.724] [Server thread/INFO] [net.minecraft.world.server.ChunkManager/]: ThreadedAnvilChunkStorage (world): All chunks are saved
[08Nov2025 16:18:30.725] [Server thread/INFO] [net.minecraft.server.MinecraftServer/]: Saving chunks for level 'ServerLevel[world]'/minecraft:the_nether
[08Nov2025 16:18:30.726] [Server thread/INFO] [net.minecraft.world.server.ChunkManager/]: ThreadedAnvilChunkStorage (DIM-1): All chunks are saved
[08Nov2025 16:18:30.727] [Server thread/INFO] [net.minecraft.server.MinecraftServer/]: Saving chunks for level 'ServerLevel[world]'/minecraft:the_end
[08Nov2025 16:18:30.728] [Server thread/INFO] [net.minecraft.world.server.ChunkManager/]: ThreadedAnvilChunkStorage (DIM1): All chunks are saved
[08Nov2025 16:18:30.728] [Server thread/INFO] [net.minecraft.server.MinecraftServer/]: Saving chunks for level 'ServerLevel[world]'/appliedenergistics2:spatial_storage
[08Nov2025 16:18:30.730] [Server thread/INFO] [net.minecraft.world.server.ChunkManager/]: ThreadedAnvilChunkStorage (spatial_storage): All chunks are saved
[08Nov2025 16:18:30.830] [Server thread/INFO] [net.minecraft.world.server.ChunkManager/]: ThreadedAnvilChunkStorage (world): All chunks are saved
[08Nov2025 16:18:30.848] [Server thread/INFO] [net.minecraft.world.server.ChunkManager/]: ThreadedAnvilChunkStorage (DIM-1): All chunks are saved
[08Nov2025 16:18:30.850] [Server thread/INFO] [net.minecraft.world.server.ChunkManager/]: ThreadedAnvilChunkStorage (DIM1): All chunks are saved
[08Nov2025 16:18:30.851] [Server thread/INFO] [net.minecraft.world.server.ChunkManager/]: ThreadedAnvilChunkStorage (spatial_storage): All chunks are saved
